"id","institutionCode","collectionCode","ownerInstitutionCode","basisOfRecord","occurrenceID","catalogNumber","otherCatalogNumbers","higherClassification","kingdom","phylum","class","order","family","scientificName","simplifiedName","taxonID","scientificNameAuthorship","genus","subgenus","specificEpithet","verbatimTaxonRank","infraspecificEpithet","taxonRank","identifiedBy","dateIdentified","identificationReferences","identificationRemarks","taxonRemarks","identificationQualifier","typeStatus","recordedBy","associatedCollectors","recordNumber","eventDate","eventDate2","year","month","day","startDayOfYear","endDayOfYear","verbatimEventDate","occurrenceRemarks","habitat","substrate","verbatimAttributes","behavior","vitality","fieldNumber","eventID","informationWithheld","dataGeneralizations","dynamicProperties","associatedOccurrences","associatedSequences","associatedTaxa","reproductiveCondition","establishmentMeans","cultivationStatus","lifeStage","sex","individualCount","samplingProtocol","preparations","locationID","continent","waterBody","islandGroup","island","country","stateProvince","county","municipality","locality","locationRemarks","localitySecurity","localitySecurityReason","decimalLatitude","decimalLongitude","OG_geodeticDatum","geodeticDatum_translated_to.WGS83","coordinateUncertaintyInMeters","verbatimCoordinates","georeferencedBy","georeferenceProtocol","georeferenceSources","georeferenceVerificationStatus","georeferenceRemarks","minimumElevationInMeters","maximumElevationInMeters","minimumDepthInMeters","maximumDepthInMeters","verbatimDepth","verbatimElevation","disposition","language","recordEnteredBy","modified","sourcePrimaryKey.dbpk","collID","recordID","references"
2463835,"CAS","BOT-BC","","PreservedSpecimen","urn:catalog:CAS:BOT-BC:74205","74205","urn:catalog:CAS:BOT:178454","Organism|Plantae|Viridiplantae|Streptophyta|Embryophyta|Tracheophyta|Spermatophytina|Magnoliopsida|Rosanae|Brassicales|Brassicaceae|Raphanus","Plantae","Tracheophyta","Magnoliopsida","Brassicales","Brassicaceae","Raphanus raphanistrum","Raphanus raphanistrum",29701,"L.","Raphanus",NA,"raphanistrum","","","Species","Ihsan A. Al-Shehbaz","2010-01","","","","",NA,"Hoffmann, Ralph","","s.n.","6/15/30","",1930,6,15,166,NA,"June 15, 1930.","","","","",NA,NA,NA,NA,NA,"","",NA,NA,"","","",NA,NA,"",NA,NA,"",NA,"North America",NA,NA,NA,"United States","California","Santa Barbara ","","Santa Cruz Island. Smuggler's Cove.","",0,NA,NA,NA,"","",NA,"","","","","","",NA,NA,NA,NA,NA,"","","en","","5/13/11 12:09","urn:catalog:CAS:BOT-BC:74205",1,"9acc2eb8-4cea-4315-b243-82e3f28c9b6d","https://cch2.org/portal/collections/individual/index.php?occid=2463835"
2422481,"CAS","BOT-BC","","PreservedSpecimen","urn:catalog:CAS:BOT-BC:74246","74246","urn:catalog:CAS:BOT:496400","Organism|Plantae|Viridiplantae|Streptophyta|Embryophyta|Tracheophyta|Spermatophytina|Magnoliopsida|Rosanae|Brassicales|Brassicaceae|Raphanus","Plantae","Tracheophyta","Magnoliopsida","Brassicales","Brassicaceae","Raphanus sativus","Raphanus sativus",29702,"L.","Raphanus",NA,"sativus","","","Species","Ihsan A. Al-Shehbaz","2010-01","","","","",NA,"Zeile, E. M.","","26","9/17/21","",1921,9,17,260,NA,"9/17-'21","","","","",NA,NA,NA,NA,NA,"","",NA,NA,"","","",NA,NA,"",NA,NA,"",NA,"North America",NA,NA,NA,"United States","California","Alameda ","","North Berkeley.","",0,NA,NA,NA,"","",NA,"","","","","","",NA,NA,NA,NA,NA,"","","en","","5/13/11 15:03","urn:catalog:CAS:BOT-BC:74246",1,"903558ec-6e2d-460e-87d6-9e9c893b2220","https://cch2.org/portal/collections/individual/index.php?occid=2422481"
2361025,"CAS","BOT-BC","","PreservedSpecimen","urn:catalog:CAS:BOT-BC:74229","74229","urn:catalog:CAS:BOT:217004","Organism|Plantae|Viridiplantae|Streptophyta|Embryophyta|Tracheophyta|Spermatophytina|Magnoliopsida|Rosanae|Brassicales|Brassicaceae|Raphanus","Plantae","Tracheophyta","Magnoliopsida","Brassicales","Brassicaceae","Raphanus sativus","Raphanus sativus",29702,"L.","Raphanus",NA,"sativus","","","Species","Ihsan A. Al-Shehbaz","2010-01","","","","",NA,"Bellue; Goodwin","","s.n.","7/1/32","",1932,7,1,183,NA,"7/1/32","","","","",NA,NA,NA,NA,NA,"","",NA,NA,"","","",NA,NA,"",NA,NA,"",NA,"North America",NA,NA,NA,"United States","California","Sacramento ","","Unspecified.","",0,NA,NA,NA,"","",NA,"","","","","","",NA,NA,NA,NA,NA,"","","en","","5/13/11 13:03","urn:catalog:CAS:BOT-BC:74229",1,"dc3ae814-0588-47a9-93fa-5f2f46811fc4","https://cch2.org/portal/collections/individual/index.php?occid=2361025"
2384991,"CAS","BOT-BC","","PreservedSpecimen","urn:catalog:CAS:BOT-BC:74230","74230","urn:catalog:CAS:DS:220624","Organism|Plantae|Viridiplantae|Streptophyta|Embryophyta|Tracheophyta|Spermatophytina|Magnoliopsida|Rosanae|Brassicales|Brassicaceae|Raphanus","Plantae","Tracheophyta","Magnoliopsida","Brassicales","Brassicaceae","Raphanus sativus","Raphanus sativus",29702,"L.","Raphanus",NA,"sativus","","","Species","Ihsan A. Al-Shehbaz","2010-01","","","","",NA,"Bellue; Goodwin","","s.n.","6/10/32","",1932,6,10,162,NA,"6/10/32","","","","",NA,NA,NA,NA,NA,"","",NA,NA,"","","",NA,NA,"",NA,NA,"",NA,"North America",NA,NA,NA,"United States","California","Sacramento ","","Unspecified.","",0,NA,NA,NA,"","",NA,"","","","","","",NA,NA,NA,NA,NA,"","","en","","5/13/11 13:03","urn:catalog:CAS:BOT-BC:74230",1,"b8221783-d11f-4c92-875c-e8c7c0f89e42","https://cch2.org/portal/collections/individual/index.php?occid=2384991"
3904078,"LA","","","PreservedSpecimen","d5b6b40e-7ac8-4f60-bb0c-e854466aabcf","LA00606059","","Organism|Plantae|Viridiplantae|Streptophyta|Embryophyta|Tracheophyta|Spermatophytina|Magnoliopsida|Rosanae|Brassicales|Brassicaceae|Raphanus","Plantae","Tracheophyta","Magnoliopsida","Brassicales","Brassicaceae","Raphanus sativus","Raphanus sativus",29702,"L.","Raphanus",NA,"sativus","","","Species","Ihsan A. Al-Shehbaz","00:00.0","","","","",NA,"Wheeler, Louis C.","","513","1932-03-00","",1932,3,0,NA,NA,"25-Mar-32","Flowers yellow.","Clay soil.","","",NA,NA,NA,NA,NA,"","",NA,NA,"","","",NA,NA,"",NA,NA,"",NA,"",NA,NA,NA,"United States","California","Los Angeles ","","Pomona near Fairgrounds.","",0,NA,NA,NA,"","",NA,"","","","","","",274,274,NA,NA,NA,"900 ft","","","abaniaga","8/27/24 11:29","",34,"d5b6b40e-7ac8-4f60-bb0c-e854466aabcf","https://cch2.org/portal/collections/individual/index.php?occid=3904078"
2866836,"MACF","","","PreservedSpecimen","ff6012c5-f400-48a3-85ad-7bb5bbfbca3b","MACF030464","MACF005309","Organism|Plantae|Viridiplantae|Streptophyta|Embryophyta|Tracheophyta|Spermatophytina|Magnoliopsida|Rosanae|Brassicales|Brassicaceae|Raphanus","Plantae","Tracheophyta","Magnoliopsida","Brassicales","Brassicaceae","Raphanus sativus","Raphanus sativus",29702,"L.","Raphanus",NA,"sativus","","","Species","","","","","","",NA,"Fay A. McFadden","","1064","3/8/29","",1929,3,8,67,NA,"Mar.8.29","","","","",NA,NA,NA,NA,NA,"","",NA,NA,"","","",NA,NA,"",NA,NA,"",NA,"",NA,NA,NA,"United States","California","","Brea","","",0,NA,NA,NA,"","",NA,"","","","","","",NA,NA,NA,NA,NA,"","","","TuesDani","4/12/23 0:18","",36,"ff6012c5-f400-48a3-85ad-7bb5bbfbca3b","https://cch2.org/portal/collections/individual/index.php?occid=2866836"
2916054,"PASA","","","PreservedSpecimen","","PASA_2074","","Organism|Plantae|Viridiplantae|Streptophyta|Embryophyta|Tracheophyta|Spermatophytina|Magnoliopsida|Rosanae|Brassicales|Brassicaceae|Raphanus","Plantae","Tracheophyta","Magnoliopsida","Brassicales","Cruciferae","Raphanus sativus","Raphanus sativus",29702,"L.","Raphanus",NA,"sativus","","","Species","","","","","wild radish","",NA,"","","","4/28/39","",1939,4,28,118,NA,"28-Apr-39","","","","",NA,NA,NA,NA,NA,"","",NA,NA,"","","",NA,NA,"",NA,NA,"",NA,"",NA,NA,NA,"United States","California","Los Angeles","","Claremont","",0,NA,NA,NA,"","",NA,"","","","","","",NA,NA,NA,NA,NA,"","","","","4/12/23 0:18","",49,"3e87003b-eef3-4831-b584-315e7b1af4c1","https://cch2.org/portal/collections/individual/index.php?occid=2916054"
968734,"RSA","RSA","","PreservedSpecimen","799bbace-8f11-4fcd-8161-2c5a160329af","","RSA accession: 431475","Organism|Plantae|Viridiplantae|Streptophyta|Embryophyta|Tracheophyta|Spermatophytina|Magnoliopsida|Rosanae|Brassicales|Brassicaceae|Raphanus","Plantae","Tracheophyta","Magnoliopsida","Brassicales","Brassicaceae","Raphanus sativus","Raphanus sativus",29702,"L.","Raphanus",NA,"sativus","","","Species","","","","","","",NA,"Elizabeth A. White","","s.n.","1928-05-00","",1928,5,0,NA,NA,"1928-05","","Sand dunes","","",NA,NA,NA,NA,NA,"","",NA,NA,"","flowers & fruits","Introduced",NA,NA,"",NA,NA,"herbarium sheet",NA,"",NA,NA,NA,"United States","California","Los Angeles","","El Segundo.","",0,NA,NA,NA,"","",NA,"","","","","","",NA,NA,NA,NA,NA,"","","","Marisa Sripracha; cataloged date: 2001-03-12","4/12/23 0:18","799bbace-8f11-4fcd-8161-2c5a160329af",17,"ab20eba4-8bfa-4d2a-b740-b372c3d1d3ba","https://cch2.org/portal/collections/individual/index.php?occid=968734"
1202206,"RSA","RSA","","PreservedSpecimen","e91f1b9b-fc82-4446-80b9-d7a0e3a77466","","RSA accession: 431491","Organism|Plantae|Viridiplantae|Streptophyta|Embryophyta|Tracheophyta|Spermatophytina|Magnoliopsida|Rosanae|Brassicales|Brassicaceae|Raphanus","Plantae","Tracheophyta","Magnoliopsida","Brassicales","Brassicaceae","Raphanus sativus","Raphanus sativus",29702,"L.","Raphanus",NA,"sativus","","","Species","","","","","","",NA,"F. A. Thackery","","307","5/6/28","",1928,5,6,127,NA,"","","","","",NA,NA,NA,NA,NA,"","",NA,NA,"","flowers & fruits","Cultivated",NA,NA,"",NA,NA,"herbarium sheet",NA,"",NA,NA,NA,"United States","California","San Diego","","Franklin Canyon, San Diego County.","",0,NA,NA,NA,"","",NA,"","","","","","",NA,NA,NA,NA,NA,"","","","T. Kim Nguyen; cataloged date: 2007-09-21","4/12/23 0:18","e91f1b9b-fc82-4446-80b9-d7a0e3a77466",17,"e2e7846f-9504-4f7f-829a-47455ade0bdb","https://cch2.org/portal/collections/individual/index.php?occid=1202206"
732955,"RSA","RSA","","PreservedSpecimen","2d3a09f0-a0fc-48c4-804a-c64febd0ebb2","","RSA accession: 431477","Organism|Plantae|Viridiplantae|Streptophyta|Embryophyta|Tracheophyta|Spermatophytina|Magnoliopsida|Rosanae|Brassicales|Brassicaceae|Raphanus","Plantae","Tracheophyta","Magnoliopsida","Brassicales","Brassicaceae","Raphanus sativus","Raphanus sativus",29702,"L.","Raphanus",NA,"sativus","","","Species","","","","","","",NA,"Ora M. Clark","","1500","2/3/29","",1929,2,3,34,NA,"","","","","",NA,NA,NA,NA,NA,"","",NA,NA,"","flowers & fruits","Cultivated",NA,NA,"",NA,NA,"herbarium sheet",NA,"",NA,NA,NA,"United States","California","Los Angeles","","Palos Verdes","",0,NA,NA,NA,"","",NA,"","","","","","",NA,NA,NA,NA,NA,"","","","T. Kim Nguyen; cataloged date: 2007-09-21","4/12/23 0:18","2d3a09f0-a0fc-48c4-804a-c64febd0ebb2",17,"e0f758c2-e993-4822-8dec-45ba3a8661ad","https://cch2.org/portal/collections/individual/index.php?occid=732955"
806147,"RSA","RSA","","PreservedSpecimen","4ffbae4c-8008-4514-be98-886b434cec46","","RSA accession: 431473","Organism|Plantae|Viridiplantae|Streptophyta|Embryophyta|Tracheophyta|Spermatophytina|Magnoliopsida|Rosanae|Brassicales|Brassicaceae|Raphanus","Plantae","Tracheophyta","Magnoliopsida","Brassicales","Brassicaceae","Raphanus sativus","Raphanus sativus",29702,"L.","Raphanus",NA,"sativus","","","Species","","","","","","",NA,"H. L. Bauer","","s.n","3/20/29","",1929,3,20,79,NA,"","","Vacant lot","","",NA,NA,NA,NA,NA,"","",NA,NA,"","flowers & fruits","Cultivated",NA,NA,"",NA,NA,"herbarium sheet",NA,"",NA,NA,NA,"United States","California","Los Angeles","","Long Beach.","",0,NA,NA,NA,"","",NA,"","","","","","",NA,NA,NA,NA,NA,"","","","T. Kim Nguyen; cataloged date: 2007-09-21","4/12/23 0:18","4ffbae4c-8008-4514-be98-886b434cec46",17,"552faf56-d0a6-4c16-a686-6a4e3c17c6e8","https://cch2.org/portal/collections/individual/index.php?occid=806147"
963366,"RSA","RSA","","PreservedSpecimen","770a4a8a-a608-4574-a42b-6922692cee78","","RSA accession: 431474","Organism|Plantae|Viridiplantae|Streptophyta|Embryophyta|Tracheophyta|Spermatophytina|Magnoliopsida|Rosanae|Brassicales|Brassicaceae|Raphanus","Plantae","Tracheophyta","Magnoliopsida","Brassicales","Brassicaceae","Raphanus sativus","Raphanus sativus",29702,"L.","Raphanus",NA,"sativus","","","Species","","","","","","",NA,"T. S. Clare","","s.n.","1929-03-00","",1929,3,0,NA,NA,"1929-03","","Near stream.","","",NA,NA,NA,NA,NA,"","",NA,NA,"","flowers & fruits","Cultivated",NA,NA,"",NA,NA,"herbarium sheet",NA,"",NA,NA,NA,"United States","California","Los Angeles","","Topanga Canyon.","",0,NA,NA,NA,"","",NA,"","","","","","",NA,NA,NA,NA,NA,"","","","T. Kim Nguyen; cataloged date: 2007-09-21","4/12/23 0:18","770a4a8a-a608-4574-a42b-6922692cee78",17,"a85bc968-a112-47ad-a15f-817149479df2","https://cch2.org/portal/collections/individual/index.php?occid=963366"
1080763,"RSA","RSA","","PreservedSpecimen","aeff0710-56dd-49eb-9396-3a9d85660d29","","RSA accession: 431479","Organism|Plantae|Viridiplantae|Streptophyta|Embryophyta|Tracheophyta|Spermatophytina|Magnoliopsida|Rosanae|Brassicales|Brassicaceae|Raphanus","Plantae","Tracheophyta","Magnoliopsida","Brassicales","Brassicaceae","Raphanus sativus","Raphanus sativus",29702,"L.","Raphanus",NA,"sativus","","","Species","","","","","","",NA,"L. E. Hoffman","","s.n","5/5/29","",1929,5,5,125,NA,"","","","","",NA,NA,NA,NA,NA,"","",NA,NA,"","flowers & fruits","Cultivated",NA,NA,"",NA,NA,"herbarium sheet",NA,"",NA,NA,NA,"United States","California","Los Angeles","","Hermon Hills, Ave-57. Pasadena.","",0,NA,NA,NA,"","",NA,"","","","","","",NA,NA,NA,NA,NA,"","","","T. Kim Nguyen; cataloged date: 2007-09-19","4/12/23 0:18","aeff0710-56dd-49eb-9396-3a9d85660d29",17,"fcc326ce-e5dc-48a0-b39f-3b5b79d388c9","https://cch2.org/portal/collections/individual/index.php?occid=1080763"
667072,"RSA","RSA","","PreservedSpecimen","0df66e11-095c-49ef-92e7-a8aa3a0a9143","","RSA accession: 431503","Organism|Plantae|Viridiplantae|Streptophyta|Embryophyta|Tracheophyta|Spermatophytina|Magnoliopsida|Rosanae|Brassicales|Brassicaceae|Raphanus","Plantae","Tracheophyta","Magnoliopsida","Brassicales","Brassicaceae","Raphanus sativus","Raphanus sativus",29702,"L.","Raphanus",NA,"sativus","","","Species","","","","","","",NA,"Ora M. Clark","","1618","3/2/29","",1929,3,2,61,NA,"","","Open field.","","",NA,NA,NA,NA,NA,"","",NA,NA,"","flowers & fruits","Cultivated",NA,NA,"",NA,NA,"herbarium sheet",NA,"",NA,NA,NA,"United States","California","San Diego","","Vista.","",0,NA,NA,NA,"","",NA,"","","","","","",NA,NA,NA,NA,NA,"","","","T. Kim Nguyen; cataloged date: 2007-09-21","4/12/23 0:18","0df66e11-095c-49ef-92e7-a8aa3a0a9143",17,"a60c7963-0051-41f9-a995-4716457e5f09","https://cch2.org/portal/collections/individual/index.php?occid=667072"
1123870,"RSA","POM","","PreservedSpecimen","c3b510cb-ba16-46c2-934c-b316765b0aaf","","POM accession: 273398","Organism|Plantae|Viridiplantae|Streptophyta|Embryophyta|Tracheophyta|Spermatophytina|Magnoliopsida|Rosanae|Brassicales|Brassicaceae|Raphanus","Plantae","Tracheophyta","Magnoliopsida","Brassicales","Brassicaceae","Raphanus sativus","Raphanus sativus",29702,"L.","Raphanus",NA,"sativus","","","Species","","","","","","",NA,"Cora W. Benson","","s.n.","1/26/29","",1929,1,26,26,NA,"","","Upper Sonoran.","","",NA,NA,NA,NA,NA,"","",NA,NA,"","flowers & fruits","Introduced",NA,NA,"",NA,NA,"herbarium sheet",NA,"",NA,NA,NA,"United States","California","San Luis Obispo","","Pismo Beach.","",0,NA,NA,NA,"","",NA,"","","","","","",30,NA,NA,NA,NA,"100ft.","","","Jackie C. McConnaughy; cataloged date: 2012-04-17","4/12/23 0:18","c3b510cb-ba16-46c2-934c-b316765b0aaf",17,"a1ae9acd-5001-46bf-9441-0699882fdd62","https://cch2.org/portal/collections/individual/index.php?occid=1123870"
684007,"RSA","RSA","","PreservedSpecimen","1601abeb-6196-4450-93a3-b39f1e382b05","","RSA accession: 431508","Organism|Plantae|Viridiplantae|Streptophyta|Embryophyta|Tracheophyta|Spermatophytina|Magnoliopsida|Rosanae|Brassicales|Brassicaceae|Raphanus","Plantae","Tracheophyta","Magnoliopsida","Brassicales","Brassicaceae","Raphanus sativus","Raphanus sativus",29702,"L.","Raphanus",NA,"sativus","","","Species","","","","","","",NA,"Dr H. de Forest","","s.n.","3/30/29","",1929,3,30,89,NA,"","","","","",NA,NA,NA,NA,NA,"","",NA,NA,"","flowers & fruits","Cultivated",NA,NA,"",NA,NA,"herbarium sheet",NA,"",NA,NA,NA,"United States","California","Santa Barbara","","Cuyama R. Valley","",0,NA,NA,NA,"","",NA,"","","","","","",NA,NA,NA,NA,NA,"","","","T. Kim Nguyen; cataloged date: 2007-09-21","4/12/23 0:18","1601abeb-6196-4450-93a3-b39f1e382b05",17,"6167989e-46a4-41b3-8a27-fbad256261d8","https://cch2.org/portal/collections/individual/index.php?occid=684007"
1062094,"RSA","RSA","","PreservedSpecimen","a6142b02-bfa1-4e1b-b2f7-3a79771f3e69","","RSA accession: 722375","Organism|Plantae|Viridiplantae|Streptophyta|Embryophyta|Tracheophyta|Spermatophytina|Magnoliopsida|Rosanae|Brassicales|Brassicaceae|Raphanus","Plantae","Tracheophyta","Magnoliopsida","Brassicales","Brassicaceae","Raphanus sativus","Raphanus sativus",29702,"L.","Raphanus",NA,"sativus","","","Species","","","","","","",NA,"Norland","","42","1929-04-00","",1929,4,0,NA,NA,"1929-04","","Barley field.","","1-2 in fleshy roots. Fls purplish - dark veined. Biennial.",NA,NA,NA,NA,NA,"","",NA,NA,"","flowers","Introduced",NA,NA,"",NA,NA,"herbarium sheet",NA,"",NA,NA,NA,"United States","California","Trinity","","[no locality information provided]","",0,NA,NA,NA,"","",NA,"","","","","","",NA,NA,NA,NA,NA,"","","","Jackie C. McConnaughy; cataloged date: 2012-04-17","4/12/23 0:18","a6142b02-bfa1-4e1b-b2f7-3a79771f3e69",17,"437274dc-45c9-4840-9526-ba0afa787197","https://cch2.org/portal/collections/individual/index.php?occid=1062094"
1119747,"RSA","RSA","","PreservedSpecimen","c1bec370-520b-48b1-bba7-13372945b535","","RSA accession: 431478","Organism|Plantae|Viridiplantae|Streptophyta|Embryophyta|Tracheophyta|Spermatophytina|Magnoliopsida|Rosanae|Brassicales|Brassicaceae|Raphanus","Plantae","Tracheophyta","Magnoliopsida","Brassicales","Brassicaceae","Raphanus sativus","Raphanus sativus",29702,"L.","Raphanus",NA,"sativus","","","Species","","","","","","",NA,"F. R. Fosberg","","2985","6/23/30","",1930,6,23,174,NA,"","","San Dunes; Supra littoral zone","","",NA,NA,NA,NA,NA,"","",NA,NA,"","flowers & fruits","Cultivated",NA,NA,"",NA,NA,"herbarium sheet",NA,"",NA,NA,NA,"United States","California","Los Angeles","","Del Rey.","",0,NA,NA,NA,"","",NA,"","","","","","",1,NA,NA,NA,NA,"3ft.","","","T. Kim Nguyen; cataloged date: 2007-09-21","4/12/23 0:18","c1bec370-520b-48b1-bba7-13372945b535",17,"1bc15117-5f67-4e6d-914b-68a67c11ba29","https://cch2.org/portal/collections/individual/index.php?occid=1119747"
956927,"RSA","RSA","","PreservedSpecimen","7404f794-773a-4a47-ab96-5e834881c577","","RSA accession: 431505","Organism|Plantae|Viridiplantae|Streptophyta|Embryophyta|Tracheophyta|Spermatophytina|Magnoliopsida|Rosanae|Brassicales|Brassicaceae|Raphanus","Plantae","Tracheophyta","Magnoliopsida","Brassicales","Brassicaceae","Raphanus sativus","Raphanus sativus",29702,"L.","Raphanus",NA,"sativus","","","Species","","","","","","",NA,"E. E. Stanford","","s.n.","4/18/30","",1930,4,18,108,NA,"","","","","",NA,NA,NA,NA,NA,"","",NA,NA,"","flowers & fruits","Introduced",NA,NA,"",NA,NA,"herbarium sheet",NA,"",NA,NA,NA,"United States","California","San Joaquin","","Northeastern portion of the county.","",0,NA,NA,NA,"","",NA,"","","","","","",NA,NA,NA,NA,NA,"","","","Jackie C. McConnaughy; cataloged date: 2012-04-17","4/12/23 0:18","7404f794-773a-4a47-ab96-5e834881c577",17,"f45283ec-d8c4-4d17-9616-4d13679f82a1","https://cch2.org/portal/collections/individual/index.php?occid=956927"
1146837,"RSA","RSA","","PreservedSpecimen","ce94f09e-129c-46dc-9b44-6f806093e3fc","RSA0125360","RSA accession: 482907","Organism|Plantae|Viridiplantae|Streptophyta|Embryophyta|Tracheophyta|Spermatophytina|Magnoliopsida|Rosanae|Brassicales|Brassicaceae|Raphanus","Plantae","Tracheophyta","Magnoliopsida","Brassicales","Brassicaceae","Raphanus sativus","Raphanus sativus",29702,"L.","Raphanus",NA,"sativus","","","Species","LeRoy Gross","2018-06","","","","",NA,"E. E. Stanford","","s.n.","4/18/30","",1930,4,18,108,NA,"","","","","",NA,NA,NA,NA,NA,"","",NA,NA,"","flowers & fruits","Introduced",NA,NA,"",NA,NA,"herbarium sheet",NA,"",NA,NA,NA,"United States","California","San Joaquin","","Northeastern portion of the county.","",0,NA,NA,NA,"","",NA,"","","","","","",NA,NA,NA,NA,NA,"","","","K. J. Blassey; cataloged date: 2012-05-08","4/12/23 0:18","ce94f09e-129c-46dc-9b44-6f806093e3fc",17,"7da7d5c5-69d1-40ad-bba1-468e0ab54420","https://cch2.org/portal/collections/individual/index.php?occid=1146837"
657525,"RSA","RSA","","PreservedSpecimen","096ffc2f-06e0-4270-bd9b-d81261057481","","RSA accession: 431493","Organism|Plantae|Viridiplantae|Streptophyta|Embryophyta|Tracheophyta|Spermatophytina|Magnoliopsida|Rosanae|Brassicales|Brassicaceae|Raphanus","Plantae","Tracheophyta","Magnoliopsida","Brassicales","Brassicaceae","Raphanus sativus","Raphanus sativus",29702,"L.","Raphanus",NA,"sativus","","","Species","","","","","","",NA,"Howard Mullins","","s.n.","3/13/31","",1931,3,13,72,NA,"","","","","",NA,NA,NA,NA,NA,"","",NA,NA,"","flowers & fruits","Cultivated",NA,NA,"",NA,NA,"herbarium sheet",NA,"",NA,NA,NA,"United States","California","Los Angeles","","Los Angeles. Vacant lots and waste places in the city, roadsides.","",0,NA,NA,NA,"","",NA,"","","","","","",NA,NA,NA,NA,NA,"","","","T. Kim Nguyen; cataloged date: 2007-09-21","4/12/23 0:18","096ffc2f-06e0-4270-bd9b-d81261057481",17,"a34d5d4c-1120-4784-9f2c-f6db8ad9e58d","https://cch2.org/portal/collections/individual/index.php?occid=657525"
942849,"RSA","RSA","","PreservedSpecimen","6d621969-f2e3-4ebb-b5d3-efb52d8e6416","","RSA accession: 431469","Organism|Plantae|Viridiplantae|Streptophyta|Embryophyta|Tracheophyta|Spermatophytina|Magnoliopsida|Rosanae|Brassicales|Brassicaceae|Raphanus","Plantae","Tracheophyta","Magnoliopsida","Brassicales","Brassicaceae","Raphanus sativus","Raphanus sativus",29702,"L.","Raphanus",NA,"sativus","","","Species","Gary D. Wallace","1981-11","","","","",NA,"F. R. Fosberg","","S4663","4/16/31","",1931,4,16,106,NA,"","","Upper Sonoran zone.","","Canyon floor.",NA,NA,NA,NA,NA,"","",NA,NA,"","flowers & fruits","Introduced",NA,NA,"",NA,NA,"herbarium sheet",NA,"",NA,NA,NA,"United States","California","Los Angeles","","Eagles Nest, Middle Ranch Canyon, Santa Catalina Island.","",0,NA,NA,NA,"","",NA,"","","","","","",180,NA,NA,NA,NA,"590ft.","","","Jackie C. McConnaughy; cataloged date: 2012-04-13","4/12/23 0:18","6d621969-f2e3-4ebb-b5d3-efb52d8e6416",17,"ccac5721-6cc7-4150-8a24-61a3f7e3a8fe","https://cch2.org/portal/collections/individual/index.php?occid=942849"
971402,"RSA","RSA","","PreservedSpecimen","7ae25f02-4d99-42c7-926a-e4f593419fe5","","RSA accession: 431484","Organism|Plantae|Viridiplantae|Streptophyta|Embryophyta|Tracheophyta|Spermatophytina|Magnoliopsida|Rosanae|Brassicales|Brassicaceae|Raphanus","Plantae","Tracheophyta","Magnoliopsida","Brassicales","Brassicaceae","Raphanus sativus","Raphanus sativus",29702,"L.","Raphanus",NA,"sativus","","","Species","","","","","","",NA,"Adele G. Axtman","","s.n.","7/5/31","",1931,7,5,186,NA,"","","","","",NA,NA,NA,NA,NA,"","",NA,NA,"","flowers & fruits","Cultivated",NA,NA,"",NA,NA,"herbarium sheet",NA,"",NA,NA,NA,"United States","California","Los Angeles","","Alhambra","",0,NA,NA,NA,"","",NA,"","","","","","",NA,NA,NA,NA,NA,"","","","T. Kim Nguyen; cataloged date: 2007-09-19","4/12/23 0:18","7ae25f02-4d99-42c7-926a-e4f593419fe5",17,"aeffd786-f37e-4e2f-8888-008672113fd0","https://cch2.org/portal/collections/individual/index.php?occid=971402"
1050131,"RSA","RSA","","PreservedSpecimen","a0521cfe-b137-4d43-8f1d-8e36968b5d82","","RSA accession: 431483","Organism|Plantae|Viridiplantae|Streptophyta|Embryophyta|Tracheophyta|Spermatophytina|Magnoliopsida|Rosanae|Brassicales|Brassicaceae|Raphanus","Plantae","Tracheophyta","Magnoliopsida","Brassicales","Brassicaceae","Raphanus sativus","Raphanus sativus",29702,"L.","Raphanus",NA,"sativus","","","Species","","","","","","",NA,"Alva Watry","","s.n.","8/6/31","",1931,8,6,218,NA,"","","","","",NA,NA,NA,NA,NA,"","",NA,NA,"","flowers & fruits","Cultivated",NA,NA,"",NA,NA,"herbarium sheet",NA,"",NA,NA,NA,"United States","California","Los Angeles","","Santa Monica.","",0,NA,NA,NA,"","",NA,"","","","","","",NA,NA,NA,NA,NA,"","","","T. Kim Nguyen; cataloged date: 2007-09-19","4/12/23 0:18","a0521cfe-b137-4d43-8f1d-8e36968b5d82",17,"d02a2c95-462d-4096-8472-3489541b63c8","https://cch2.org/portal/collections/individual/index.php?occid=1050131"
1143640,"RSA","RSA","","PreservedSpecimen","cd13550b-4174-41e6-945e-9c213eecd567","","RSA accession: 608062","Organism|Plantae|Viridiplantae|Streptophyta|Embryophyta|Tracheophyta|Spermatophytina|Magnoliopsida|Rosanae|Brassicales|Brassicaceae|Raphanus","Plantae","Tracheophyta","Magnoliopsida","Brassicales","Brassicaceae","Raphanus sativus","Raphanus sativus",29702,"L.","Raphanus",NA,"sativus","","","Species","","","","","","",NA,"L. C. Wheeler","","s.n.","2/15/31","",1931,2,15,46,NA,"","","","","Wild Radish.",NA,NA,NA,NA,NA,"","",NA,NA,"","","Introduced",NA,NA,"",NA,NA,"herbarium sheet",NA,"",NA,NA,NA,"United States","California","Los Angeles","","Pomona.","",0,NA,NA,NA,"","",NA,"","","","","","",NA,NA,NA,NA,NA,"","","","cataloged date: 1998-01-27","4/12/23 0:18","cd13550b-4174-41e6-945e-9c213eecd567",17,"4466fbc5-5055-4090-a799-38b6d75cc173","https://cch2.org/portal/collections/individual/index.php?occid=1143640"
1006340,"RSA","RSA","","PreservedSpecimen","8b6b3ffb-2c09-4bb2-b441-82ea9351a291","","RSA accession: 431507","Organism|Plantae|Viridiplantae|Streptophyta|Embryophyta|Tracheophyta|Spermatophytina|Magnoliopsida|Rosanae|Brassicales|Brassicaceae|Raphanus","Plantae","Tracheophyta","Magnoliopsida","Brassicales","Brassicaceae","Raphanus sativus","Raphanus sativus",29702,"L.","Raphanus",NA,"sativus","","","Species","","","","","","",NA,"Ralph Hoffmann","","s.n.","4/10/31","",1931,4,10,100,NA,"","","","","",NA,NA,NA,NA,NA,"","",NA,NA,"","flowers & fruits","Cultivated",NA,NA,"",NA,NA,"herbarium sheet",NA,"",NA,NA,NA,"United States","California","Santa Barbara","","Santa Cruz Island. Main Ranch.","",0,NA,NA,NA,"","",NA,"","","","","","",NA,NA,NA,NA,NA,"","","","T. Kim Nguyen; cataloged date: 2007-09-21","4/12/23 0:18","8b6b3ffb-2c09-4bb2-b441-82ea9351a291",17,"18b8eced-7b3d-4451-80f9-42617b100d35","https://cch2.org/portal/collections/individual/index.php?occid=1006340"
997281,"RSA","RSA","","PreservedSpecimen","871ee658-2f8e-4c8e-aa54-5dc9b702f9fb","","RSA accession: 431485","Organism|Plantae|Viridiplantae|Streptophyta|Embryophyta|Tracheophyta|Spermatophytina|Magnoliopsida|Rosanae|Brassicales|Brassicaceae|Raphanus","Plantae","Tracheophyta","Magnoliopsida","Brassicales","Brassicaceae","Raphanus sativus","Raphanus sativus",29702,"L.","Raphanus",NA,"sativus","","","Species","","","","","","",NA,"Jack Rempel","","15268","3/27/32","",1932,3,27,87,NA,"","","Sand Dunes, protected hollow.","","Flowers purple",NA,NA,NA,NA,NA,"","",NA,NA,"","flowers & fruits","Cultivated",NA,NA,"",NA,NA,"herbarium sheet",NA,"",NA,NA,NA,"United States","California","Los Angeles","","El Segundo.","",0,NA,NA,NA,"","",NA,"","","","","","",NA,NA,NA,NA,NA,"","","","T. Kim Nguyen; cataloged date: 2007-09-21","4/12/23 0:18","871ee658-2f8e-4c8e-aa54-5dc9b702f9fb",17,"c0f00465-5109-4b6f-bd48-c5f436a86584","https://cch2.org/portal/collections/individual/index.php?occid=997281"
1205092,"RSA","RSA","","PreservedSpecimen","ea7e4681-e4db-4f62-9544-c5a397178cf7","","RSA accession: 431481","Organism|Plantae|Viridiplantae|Streptophyta|Embryophyta|Tracheophyta|Spermatophytina|Magnoliopsida|Rosanae|Brassicales|Brassicaceae|Raphanus","Plantae","Tracheophyta","Magnoliopsida","Brassicales","Brassicaceae","Raphanus sativus","Raphanus sativus",29702,"L.","Raphanus",NA,"sativus","","","Species","","","","","","",NA,"L. C. Wheeler","","433","1/8/32","",1932,1,8,8,NA,"","","light soil","","",NA,NA,NA,NA,NA,"","",NA,NA,"","flowers & fruits","Cultivated",NA,NA,"",NA,NA,"herbarium sheet",NA,"",NA,NA,NA,"United States","California","Los Angeles","","2 mi. SW Glendora.","",0,NA,NA,NA,"","",NA,"","","","","","",198,NA,NA,NA,NA,"650ft.","","","T. Kim Nguyen; cataloged date: 2007-09-19","4/12/23 0:18","ea7e4681-e4db-4f62-9544-c5a397178cf7",17,"4daf3f90-f892-490a-bb6f-e896f3a01d30","https://cch2.org/portal/collections/individual/index.php?occid=1205092"
1045591,"RSA","RSA","","PreservedSpecimen","9e399ba2-8b7d-4578-98e7-19e0e07048d3","","RSA accession: 431489","Organism|Plantae|Viridiplantae|Streptophyta|Embryophyta|Tracheophyta|Spermatophytina|Magnoliopsida|Rosanae|Brassicales|Brassicaceae|Raphanus","Plantae","Tracheophyta","Magnoliopsida","Brassicales","Brassicaceae","Raphanus sativus","Raphanus sativus",29702,"L.","Raphanus",NA,"sativus","","","Species","","","","","","",NA,"Helen J. Houck","","s.n.","3/27/32","",1932,3,27,87,NA,"","Could be filed under L.A. Co.","","","",NA,NA,NA,NA,NA,"","",NA,NA,"","flowers & fruits","Cultivated",NA,NA,"",NA,NA,"herbarium sheet",NA,"",NA,NA,NA,"United States","California","Orange","","Carbon Canyon, Sunny Hill, [Los Angeles County?]","",0,NA,NA,NA,"","",NA,"","","","","","",NA,NA,NA,NA,NA,"","","","T. Kim Nguyen; cataloged date: 2007-09-21","4/12/23 0:18","9e399ba2-8b7d-4578-98e7-19e0e07048d3",17,"2912de10-2188-47cd-8a33-d902ea3053d0","https://cch2.org/portal/collections/individual/index.php?occid=1045591"
1224957,"RSA","RSA","","PreservedSpecimen","f3fa9f76-3cb3-4775-85ae-7893f359a0f9","","RSA accession: 5502","Organism|Plantae|Viridiplantae|Streptophyta|Embryophyta|Tracheophyta|Spermatophytina|Magnoliopsida|Rosanae|Brassicales|Brassicaceae|Raphanus","Plantae","Tracheophyta","Magnoliopsida","Brassicales","Brassicaceae","Raphanus sativus","Raphanus sativus",29702,"L.","Raphanus",NA,"sativus","","","Species","","","","","","",NA,"C. B. Wolf","","3757","6/28/32","",1932,6,28,180,NA,"","","","","",NA,NA,NA,NA,NA,"","",NA,NA,"","flowers & fruits","Cultivated",NA,NA,"",NA,NA,"herbarium sheet",NA,"",NA,NA,NA,"United States","California","Orange","","Bryant Ranch: along western half of north boundary of 40 acre Valencia orange grove at Bryant Ave. and Hansen Road.","",0,NA,NA,NA,"","",NA,"T4S R11W S27 NE1/4 of SE1/4","","","","","",9,15,NA,NA,NA,"30-50ft.","","","T. Kim Nguyen; cataloged date: 2007-09-21","4/12/23 0:18","f3fa9f76-3cb3-4775-85ae-7893f359a0f9",17,"d34fb669-b116-48cf-9e1e-afe66286e7e0","https://cch2.org/portal/collections/individual/index.php?occid=1224957"
1240026,"RSA","POM","","PreservedSpecimen","fb1ad0ac-0916-4932-a921-fd42a633f707","","POM accession: 202603","Organism|Plantae|Viridiplantae|Streptophyta|Embryophyta|Tracheophyta|Spermatophytina|Magnoliopsida|Rosanae|Brassicales|Brassicaceae|Raphanus","Plantae","Tracheophyta","Magnoliopsida","Brassicales","Brassicaceae","Raphanus sativus","Raphanus sativus",29702,"L.","Raphanus",NA,"sativus","","","Species","","","","","","",NA,"L. M. Booth","","1017","5/12/32","",1932,5,12,133,NA,"","","","","",NA,NA,NA,NA,NA,"","",NA,NA,"","flowers & fruits","Cultivated",NA,NA,"",NA,NA,"herbarium sheet",NA,"",NA,NA,NA,"United States","California","Orange","","Newport Bay.","",0,NA,NA,NA,"","",NA,"","","","","","",NA,NA,NA,NA,NA,"","","","T. Kim Nguyen; cataloged date: 2007-09-21","4/12/23 0:18","fb1ad0ac-0916-4932-a921-fd42a633f707",17,"3dbc1ee5-1b90-4c1b-95d0-8ee186297210","https://cch2.org/portal/collections/individual/index.php?occid=1240026"
936997,"RSA","RSA","","PreservedSpecimen","6a96c27c-b83b-4ae0-ac47-30c4c1cf2bba","","RSA accession: 38940","Organism|Plantae|Viridiplantae|Streptophyta|Embryophyta|Tracheophyta|Spermatophytina|Magnoliopsida|Rosanae|Brassicales|Brassicaceae|Raphanus","Plantae","Tracheophyta","Magnoliopsida","Brassicales","Brassicaceae","Raphanus sativus","Raphanus sativus",29702,"L.","Raphanus",NA,"sativus","","","Species","","","","","","",NA,"E. A. Purer","","2447","2/10/32","",1932,2,10,41,NA,"","","sandy areas","","",NA,NA,NA,NA,NA,"","",NA,NA,"","flowers & fruits","Cultivated",NA,NA,"",NA,NA,"herbarium sheet",NA,"",NA,NA,NA,"United States","California","San Diego","","Silver Strand, San Diego Co.","",0,NA,NA,NA,"","",NA,"","","","","","",NA,NA,NA,NA,NA,"","","","T. Kim Nguyen; cataloged date: 2007-09-21","4/12/23 0:18","6a96c27c-b83b-4ae0-ac47-30c4c1cf2bba",17,"86cf7625-244d-4e78-9f24-e166bf15bab2","https://cch2.org/portal/collections/individual/index.php?occid=936997"
1109866,"RSA","RSA","","PreservedSpecimen","bceb318c-79df-435a-b17b-93feb02c36d0","","RSA accession: 431495","Organism|Plantae|Viridiplantae|Streptophyta|Embryophyta|Tracheophyta|Spermatophytina|Magnoliopsida|Rosanae|Brassicales|Brassicaceae|Raphanus","Plantae","Tracheophyta","Magnoliopsida","Brassicales","Brassicaceae","Raphanus sativus","Raphanus sativus",29702,"L.","Raphanus",NA,"sativus","","","Species","","","","","","",NA,"F. C. Ball","","18265","4/12/33","",1933,4,12,102,NA,"","","","","",NA,NA,NA,NA,NA,"","",NA,NA,"","flowers & fruits","Introduced",NA,NA,"",NA,NA,"herbarium sheet",NA,"",NA,NA,NA,"United States","California","Amador","","Jackson.","",0,NA,NA,NA,"","",NA,"","","","","","",NA,NA,NA,NA,NA,"","","","Jackie C. McConnaughy; cataloged date: 2012-04-13","4/12/23 0:18","bceb318c-79df-435a-b17b-93feb02c36d0",17,"6f581af1-c8f9-4611-873b-a40cc985b76e","https://cch2.org/portal/collections/individual/index.php?occid=1109866"
1045951,"RSA","RSA","","PreservedSpecimen","9e63285f-c91a-4ff8-97f7-fb3416fb3fac","","RSA accession: 431500","Organism|Plantae|Viridiplantae|Streptophyta|Embryophyta|Tracheophyta|Spermatophytina|Magnoliopsida|Rosanae|Brassicales|Brassicaceae|Raphanus","Plantae","Tracheophyta","Magnoliopsida","Brassicales","Brassicaceae","Raphanus sativus","Raphanus sativus",29702,"L.","Raphanus",NA,"sativus","","","Species","","","","","","",NA,"M. B. Dunkle","","3287","4/9/33","",1933,4,9,99,NA,"","","Dry mesa by ocean.","","",NA,NA,NA,NA,NA,"","",NA,NA,"","flowers & fruits","Cultivated",NA,NA,"",NA,NA,"herbarium sheet",NA,"",NA,NA,NA,"United States","California","Orange","","Dana Point.","",0,NA,NA,NA,"","",NA,"","","","","","",NA,NA,NA,NA,NA,"","","","T. Kim Nguyen; cataloged date: 2007-09-21","4/12/23 0:18","9e63285f-c91a-4ff8-97f7-fb3416fb3fac",17,"8e379bfa-362d-49aa-a2d8-fcc0941c0533","https://cch2.org/portal/collections/individual/index.php?occid=1045951"
1175435,"RSA","RSA","","PreservedSpecimen","dc4cf2e2-51be-4cd6-812e-3fa0bd07e651","","RSA accession: 603735","Organism|Plantae|Viridiplantae|Streptophyta|Embryophyta|Tracheophyta|Spermatophytina|Magnoliopsida|Rosanae|Brassicales|Brassicaceae|Raphanus","Plantae","Tracheophyta","Magnoliopsida","Brassicales","Brassicaceae","Raphanus sativus","Raphanus sativus",29702,"L.","Raphanus",NA,"sativus","","","Species","","","","","","",NA,"L. C. Wheeler","","2034","7/20/33","",1933,7,20,201,NA,"","","Gravelly sunny creek bed.","","",NA,NA,NA,NA,NA,"","",NA,NA,"","flowers & fruits","Cultivated",NA,NA,"",NA,NA,"herbarium sheet",NA,"",NA,NA,NA,"United States","California","San Bernardino","","S. Fork Meadows, Santa Ana River San Bernardino Mts.","",0,NA,NA,NA,"","",NA,"","","","","","",2530,NA,NA,NA,NA,"8300ft.","","","T. Kim Nguyen; cataloged date: 2007-09-21","4/12/23 0:18","dc4cf2e2-51be-4cd6-812e-3fa0bd07e651",17,"07e5c07f-3ec9-44e5-98a7-553dcea3162a","https://cch2.org/portal/collections/individual/index.php?occid=1175435"
1114974,"RSA","RSA","","PreservedSpecimen","bf5f09f0-dc1a-4802-9c8b-9f7a2ac55fe6","","RSA accession: 12397","Organism|Plantae|Viridiplantae|Streptophyta|Embryophyta|Tracheophyta|Spermatophytina|Magnoliopsida|Rosanae|Brassicales|Brassicaceae|Raphanus","Plantae","Tracheophyta","Magnoliopsida","Brassicales","Brassicaceae","Raphanus sativus","Raphanus sativus",29702,"L.","Raphanus",NA,"sativus","","","Species","","","","","","",NA,"C. B. Wolf","","5609","4/11/34","",1934,4,11,101,NA,"","","","","Flowers purple some plants white",NA,NA,NA,NA,NA,"","",NA,NA,"","flowers & fruits","Cultivated",NA,NA,"",NA,NA,"herbarium sheet",NA,"",NA,NA,NA,"United States","California","Los Angeles","","Bryant Ranch, E of Long Beach on mesa. Alt 100ft NE of concrete mon. 1864.92ft. S of NW corner of section","",0,NA,NA,NA,"","",NA,"T4S R12W S34 NW/4","","","","","",15,NA,NA,NA,NA,"50ft.","","","T. Kim Nguyen; cataloged date: 2007-09-21","4/12/23 0:18","bf5f09f0-dc1a-4802-9c8b-9f7a2ac55fe6",17,"297ba265-c5f8-491a-b121-c2ef88964ee8","https://cch2.org/portal/collections/individual/index.php?occid=1114974"
710528,"RSA","POM","","PreservedSpecimen","229048fa-8f5a-43f5-8527-d2132780210e","","POM accession: 273391","Organism|Plantae|Viridiplantae|Streptophyta|Embryophyta|Tracheophyta|Spermatophytina|Magnoliopsida|Rosanae|Brassicales|Brassicaceae|Raphanus","Plantae","Tracheophyta","Magnoliopsida","Brassicales","Brassicaceae","Raphanus sativus","Raphanus sativus",29702,"L.","Raphanus",NA,"sativus","","","Species","","","","","","",NA,"Arthur L. Cohen","","453","7/11/34","",1934,7,11,192,NA,"","","Lower Sonoran, silt soil.","","",NA,NA,NA,NA,NA,"","",NA,NA,"","flowers & fruits","Cultivated",NA,NA,"",NA,NA,"herbarium sheet",NA,"",NA,NA,NA,"United States","California","San Diego","","San Diego Bay mudflats.","",0,NA,NA,NA,"","",NA,"","","","","","",0,NA,NA,NA,NA,"","","","T. Kim Nguyen; cataloged date: 2007-09-21","4/12/23 0:18","229048fa-8f5a-43f5-8527-d2132780210e",17,"5427ac6a-32a7-425d-945f-3d7d474118e1","https://cch2.org/portal/collections/individual/index.php?occid=710528"
957317,"RSA","RSA","","PreservedSpecimen","74337e76-0d45-4ba7-a2ba-45df97793a96","","RSA accession: 431487","Organism|Plantae|Viridiplantae|Streptophyta|Embryophyta|Tracheophyta|Spermatophytina|Magnoliopsida|Rosanae|Brassicales|Brassicaceae|Raphanus","Plantae","Tracheophyta","Magnoliopsida","Brassicales","Brassicaceae","Raphanus sativus","Raphanus sativus",29702,"L.","Raphanus",NA,"sativus","","","Species","","","","","","",NA,"Robert M. Perkins","","s.n.","3/31/35","",1935,3,31,90,NA,"","","East side of the sand dunes.","","",NA,NA,NA,NA,NA,"","",NA,NA,"","flowers & fruits","Cultivated",NA,NA,"",NA,NA,"herbarium sheet",NA,"",NA,NA,NA,"United States","California","Los Angeles","","Playa del Rey.","",0,NA,NA,NA,"","",NA,"","","","","","",NA,NA,NA,NA,NA,"","","","T. Kim Nguyen; cataloged date: 2007-09-19","4/12/23 0:18","74337e76-0d45-4ba7-a2ba-45df97793a96",17,"3ec9a4ba-d4fc-46f4-aeca-3c6a2e963319","https://cch2.org/portal/collections/individual/index.php?occid=957317"
760531,"RSA","POM","","PreservedSpecimen","3a3e60b9-abec-464a-a81e-b7385b293446","","POM accession: 273392","Organism|Plantae|Viridiplantae|Streptophyta|Embryophyta|Tracheophyta|Spermatophytina|Magnoliopsida|Rosanae|Brassicales|Brassicaceae|Raphanus","Plantae","Tracheophyta","Magnoliopsida","Brassicales","Brassicaceae","Raphanus sativus","Raphanus sativus",29702,"L.","Raphanus",NA,"sativus","","","Species","","","","","","",NA,"Loren Yaussy","","s.n.","2/21/36","",1936,2,21,52,NA,"","","Sandy loam soil, none slope","","",NA,NA,NA,NA,NA,"","",NA,NA,"","flowers & fruits","Cultivated",NA,NA,"",NA,NA,"herbarium sheet",NA,"",NA,NA,NA,"United States","California","Kern","","Arvin","",0,NA,NA,NA,"","",NA,"","","","","","",137,NA,NA,NA,NA,"450ft.","","","T. Kim Nguyen; cataloged date: 2007-09-19","4/12/23 0:18","3a3e60b9-abec-464a-a81e-b7385b293446",17,"6713f79f-85f3-4c42-89fc-e5eccb0fc481","https://cch2.org/portal/collections/individual/index.php?occid=760531"
1102188,"RSA","RSA","","PreservedSpecimen","b949f32c-f39b-4518-a121-543dddae0076","","RSA accession: 431498","Organism|Plantae|Viridiplantae|Streptophyta|Embryophyta|Tracheophyta|Spermatophytina|Magnoliopsida|Rosanae|Brassicales|Brassicaceae|Raphanus","Plantae","Tracheophyta","Magnoliopsida","Brassicales","Brassicaceae","Raphanus sativus","Raphanus sativus",29702,"L.","Raphanus",NA,"sativus","","","Species","","","","","","",NA,"Claire Kibbe","","19973","1936-07-00","",1936,7,0,NA,NA,"1936-07","","In moist places at low altitude.","","Weed in waste places, flowers white with rose or purplish veins",NA,NA,NA,NA,NA,"","",NA,NA,"","flowers & fruits","Cultivated",NA,NA,"",NA,NA,"herbarium sheet",NA,"",NA,NA,NA,"United States","California","Orange","","Santa Ana Canyon.","",0,NA,NA,NA,"","",NA,"","","","","","",NA,NA,NA,NA,NA,"","","","T. Kim Nguyen; cataloged date: 2007-09-21","4/12/23 0:18","b949f32c-f39b-4518-a121-543dddae0076",17,"6e229c04-a24e-42cb-9f86-c4dea0bc7c1c","https://cch2.org/portal/collections/individual/index.php?occid=1102188"
1008177,"RSA","POM","","PreservedSpecimen","8c516749-30a7-4787-abed-dc557048db3a","","POM accession: 273403","Organism|Plantae|Viridiplantae|Streptophyta|Embryophyta|Tracheophyta|Spermatophytina|Magnoliopsida|Rosanae|Brassicales|Brassicaceae|Raphanus","Plantae","Tracheophyta","Magnoliopsida","Brassicales","Brassicaceae","Raphanus sativus","Raphanus sativus",29702,"L.","Raphanus",NA,"sativus","","","Species","","","","","","",NA,"Lyman Benson","","7970","9/4/36","",1936,9,4,248,NA,"","","Adobe soil, Upper Sonoran","","",NA,NA,NA,NA,NA,"","",NA,NA,"","flowers & fruits","Cultivated",NA,NA,"",NA,NA,"herbarium sheet",NA,"",NA,NA,NA,"United States","California","Santa Clara","","Palo Alto, Watershed: San Francisco Bay.","",0,NA,NA,-122.1598,"","",NA,"","","","","","",15,NA,NA,NA,NA,"50ft.","","","T. Kim Nguyen; cataloged date: 2007-09-21","4/12/23 0:18","8c516749-30a7-4787-abed-dc557048db3a",17,"9b32ddff-f495-40e0-8aab-689d225b0472","https://cch2.org/portal/collections/individual/index.php?occid=1008177"
1045059,"RSA","POM","","PreservedSpecimen","9df4e6d9-3c4a-42fb-917b-5a6f758a854f","","POM accession: 273402","Organism|Plantae|Viridiplantae|Streptophyta|Embryophyta|Tracheophyta|Spermatophytina|Magnoliopsida|Rosanae|Brassicales|Brassicaceae|Raphanus","Plantae","Tracheophyta","Magnoliopsida","Brassicales","Brassicaceae","Raphanus sativus","Raphanus sativus",29702,"L.","Raphanus",NA,"sativus","","","Species","","","","","","",NA,"Lyman Benson","","7970","9/4/36","",1936,9,4,248,NA,"","","Adobe soil, Upper Sonoran","","",NA,NA,NA,NA,NA,"","",NA,NA,"","flowers & fruits","Introduced",NA,NA,"",NA,NA,"herbarium sheet",NA,"",NA,NA,NA,"United States","California","Santa Clara","","Palo Alto, Watershed: San Francisco Bay.","",0,NA,NA,-122.1598,"","",NA,"","","","","","",15,NA,NA,NA,NA,"50ft.","","","Jackie C. McConnaughy; cataloged date: 2012-04-17","4/12/23 0:18","9df4e6d9-3c4a-42fb-917b-5a6f758a854f",17,"ab1c28fd-7ce5-4398-97db-da4f61804b5d","https://cch2.org/portal/collections/individual/index.php?occid=1045059"
1012091,"RSA","RSA","","PreservedSpecimen","8e27a45f-e92a-403b-91b5-76d39bf15333","","RSA accession: 651173","Organism|Plantae|Viridiplantae|Streptophyta|Embryophyta|Tracheophyta|Spermatophytina|Magnoliopsida|Rosanae|Brassicales|Brassicaceae|Raphanus","Plantae","Tracheophyta","Magnoliopsida","Brassicales","Brassicaceae","Raphanus sativus","Raphanus sativus",29702,"L.","Raphanus",NA,"sativus","","","Species","","","","","","",NA,"Eleanor McClung","","4","3/14/37","",1937,3,14,73,NA,"","","","","",NA,NA,NA,NA,NA,"","",NA,NA,"","flowers","Introduced",NA,NA,"",NA,NA,"herbarium sheet",NA,"",NA,NA,NA,"United States","California","Los Angeles","","Playa del Rey.","",0,NA,NA,NA,"","",NA,"","","","","","",NA,NA,NA,NA,NA,"","","","cataloged date: 2001-01-24","4/12/23 0:18","8e27a45f-e92a-403b-91b5-76d39bf15333",17,"39d880fd-2e84-4c77-b40c-113d33eebfcf","https://cch2.org/portal/collections/individual/index.php?occid=1012091"
1193190,"RSA","POM","","PreservedSpecimen","e4caffb2-3ca8-4be6-a5be-8a510e479aaa","","POM accession: 307355","Organism|Plantae|Viridiplantae|Streptophyta|Embryophyta|Tracheophyta|Spermatophytina|Magnoliopsida|Rosanae|Brassicales|Brassicaceae|Raphanus","Plantae","Tracheophyta","Magnoliopsida","Brassicales","Brassicaceae","Raphanus sativus","Raphanus sativus",29702,"L.","Raphanus",NA,"sativus","","","Species","","","","","","",NA,"Henry J. Ramsey","Henry J. Ramsey","2184","3/21/37","",1937,3,21,80,NA,"","","","","",NA,NA,NA,NA,NA,"","",NA,NA,"","flowers & fruits","Cultivated",NA,NA,"",NA,NA,"herbarium sheet",NA,"",NA,NA,NA,"United States","California","Los Angeles","","North Craig Ave., Altadena.","",0,NA,NA,NA,"","",NA,"","","","","","",NA,NA,NA,NA,NA,"","","","T. Kim Nguyen; cataloged date: 2007-09-21","4/12/23 0:18","e4caffb2-3ca8-4be6-a5be-8a510e479aaa",17,"12cbe8bc-8cbd-485d-af79-c48341849a0a","https://cch2.org/portal/collections/individual/index.php?occid=1193190"
1247827,"RSA","POM","","PreservedSpecimen","fec64046-d192-49d2-8bcc-578a3495d4e9","","POM accession: 307009","Organism|Plantae|Viridiplantae|Streptophyta|Embryophyta|Tracheophyta|Spermatophytina|Magnoliopsida|Rosanae|Brassicales|Brassicaceae|Raphanus","Plantae","Tracheophyta","Magnoliopsida","Brassicales","Brassicaceae","Raphanus sativus","Raphanus sativus",29702,"L.","Raphanus",NA,"sativus","","","Species","","","","","","",NA,"Henry J. Ramsey","Henry J. Ramsey","1914","8/19/37","",1937,8,19,231,NA,"","","Roadside.","","",NA,NA,NA,NA,NA,"","",NA,NA,"","flowers & fruits","Cultivated",NA,NA,"",NA,NA,"herbarium sheet",NA,"",NA,NA,NA,"United States","California","Los Angeles","","San Gabriel Wash.","",0,NA,NA,NA,"","",NA,"","","","","","",NA,NA,NA,NA,NA,"","","","T. Kim Nguyen; cataloged date: 2007-09-21","4/12/23 0:18","fec64046-d192-49d2-8bcc-578a3495d4e9",17,"11cb8cca-0c4f-4fe4-9186-7bace4f9fc10","https://cch2.org/portal/collections/individual/index.php?occid=1247827"
962044,"RSA","POM","","PreservedSpecimen","766ea758-c530-41ab-831e-bfaca2e5c10a","","POM accession: 306600","Organism|Plantae|Viridiplantae|Streptophyta|Embryophyta|Tracheophyta|Spermatophytina|Magnoliopsida|Rosanae|Brassicales|Brassicaceae|Raphanus","Plantae","Tracheophyta","Magnoliopsida","Brassicales","Brassicaceae","Raphanus sativus","Raphanus sativus",29702,"L.","Raphanus",NA,"sativus","","","Species","","","","","","",NA,"Henry J. Ramsey","Henry J. Ramsey","1555","7/20/37","",1937,7,20,201,NA,"","","","","",NA,NA,NA,NA,NA,"","",NA,NA,"","flowers & fruits","Cultivated",NA,NA,"",NA,NA,"herbarium sheet",NA,"",NA,NA,NA,"United States","California","San Diego","","Between San Diego and Temecula","",0,NA,NA,NA,"","",NA,"","","","","","",NA,NA,NA,NA,NA,"","","","T. Kim Nguyen; cataloged date: 2007-09-21","4/12/23 0:18","766ea758-c530-41ab-831e-bfaca2e5c10a",17,"f4f9232e-6ba1-4ef0-8c43-8b1465316326","https://cch2.org/portal/collections/individual/index.php?occid=962044"
1000036,"RSA","POM","","PreservedSpecimen","886af347-8a43-4a4c-974d-0d67455429b1","","POM accession: 307800","Organism|Plantae|Viridiplantae|Streptophyta|Embryophyta|Tracheophyta|Spermatophytina|Magnoliopsida|Rosanae|Brassicales|Brassicaceae|Raphanus","Plantae","Tracheophyta","Magnoliopsida","Brassicales","Brassicaceae","Raphanus sativus","Raphanus sativus",29702,"L.","Raphanus",NA,"sativus","","","Species","","","","","","",NA,"Henry J. Ramsey","Henry J. Ramsey","2760","3/1/38","",1938,3,1,60,NA,"","","","","",NA,NA,NA,NA,NA,"","",NA,NA,"","flowers & fruits","Cultivated",NA,NA,"",NA,NA,"herbarium sheet",NA,"",NA,NA,NA,"United States","California","Los Angeles","","El Monte.","",0,NA,NA,NA,"","",NA,"","","","","","",NA,NA,NA,NA,NA,"","","","T. Kim Nguyen; cataloged date: 2007-09-21","4/12/23 0:18","886af347-8a43-4a4c-974d-0d67455429b1",17,"62ca8a3f-de22-47b9-b7a0-78e8e7b8591f","https://cch2.org/portal/collections/individual/index.php?occid=1000036"
639302,"RSA","RSA","","PreservedSpecimen","00cec93f-091f-46f4-a010-4c474edfef3c","","RSA accession: 431497","Organism|Plantae|Viridiplantae|Streptophyta|Embryophyta|Tracheophyta|Spermatophytina|Magnoliopsida|Rosanae|Brassicales|Brassicaceae|Raphanus","Plantae","Tracheophyta","Magnoliopsida","Brassicales","Brassicaceae","Raphanus sativus","Raphanus sativus",29702,"L.","Raphanus",NA,"sativus","","","Species","","","","","","",NA,"Nellie V. Haynie","","3659","6/6/39","",1939,6,6,157,NA,"","","","","Sandy roadside.",NA,NA,NA,NA,NA,"","",NA,NA,"","flowers & fruits","Introduced",NA,NA,"",NA,NA,"herbarium sheet",NA,"",NA,NA,NA,"United States","California","Monterey","","Pacific Grove.","",0,NA,NA,NA,"","",NA,"","","","","","",NA,NA,NA,NA,NA,"","","","Jackie C. McConnaughy; cataloged date: 2012-04-13","4/12/23 0:18","00cec93f-091f-46f4-a010-4c474edfef3c",17,"b25059e5-b635-452c-ad68-538588ea4a82","https://cch2.org/portal/collections/individual/index.php?occid=639302"
963330,"RSA","RSA","","PreservedSpecimen","7705d86a-61c4-4b96-b888-715dbfc30830","","RSA accession: 431501","Organism|Plantae|Viridiplantae|Streptophyta|Embryophyta|Tracheophyta|Spermatophytina|Magnoliopsida|Rosanae|Brassicales|Brassicaceae|Raphanus","Plantae","Tracheophyta","Magnoliopsida","Brassicales","Brassicaceae","Raphanus sativus","Raphanus sativus",29702,"L.","Raphanus",NA,"sativus","","","Species","","","","","","",NA,"Edith Allen","","s.n","7/3/39","",1939,7,3,184,NA,"","","","","",NA,NA,NA,NA,NA,"","",NA,NA,"","flowers & fruits","Cultivated",NA,NA,"",NA,NA,"herbarium sheet",NA,"",NA,NA,NA,"United States","California","San Bernardino","","Big Bear.","",0,NA,NA,NA,"","",NA,"","","","","","",NA,NA,NA,NA,NA,"","","","T. Kim Nguyen; cataloged date: 2007-09-21","4/12/23 0:18","7705d86a-61c4-4b96-b888-715dbfc30830",17,"08366ab4-f891-440f-9b97-221e9936d32b","https://cch2.org/portal/collections/individual/index.php?occid=963330"
964523,"RSA","RSA","","PreservedSpecimen","77960bfd-90d7-4a7b-a258-e1dfe92827eb","","RSA accession: 431506","Organism|Plantae|Viridiplantae|Streptophyta|Embryophyta|Tracheophyta|Spermatophytina|Magnoliopsida|Rosanae|Brassicales|Brassicaceae|Raphanus","Plantae","Tracheophyta","Magnoliopsida","Brassicales","Brassicaceae","Raphanus sativus","Raphanus sativus",29702,"L.","Raphanus",NA,"sativus","","","Species","","","","","","",NA,"M. B. Dunkle","","8630","8/15/39","",1939,8,15,227,NA,"","","grassy bank","","",NA,NA,NA,NA,NA,"","",NA,NA,"","flowers & fruits","Cultivated",NA,NA,"",NA,NA,"herbarium sheet",NA,"",NA,NA,NA,"United States","California","Santa Barbara","","Santa Cruz Island. Main Ranch.","",0,NA,NA,NA,"","",NA,"","","","","","",NA,NA,NA,NA,NA,"","","","T. Kim Nguyen; cataloged date: 2007-09-21","4/12/23 0:18","77960bfd-90d7-4a7b-a258-e1dfe92827eb",17,"ef68cc36-9d55-4bd4-8836-677779eb91db","https://cch2.org/portal/collections/individual/index.php?occid=964523"
1171088,"RSA","RSA","","PreservedSpecimen","da2f0f36-0df1-459f-a621-31d249901d32","","RSA accession: 431486","Organism|Plantae|Viridiplantae|Streptophyta|Embryophyta|Tracheophyta|Spermatophytina|Magnoliopsida|Rosanae|Brassicales|Brassicaceae|Raphanus","Plantae","Tracheophyta","Magnoliopsida","Brassicales","Brassicaceae","Raphanus sativus","Raphanus sativus",29702,"L.","Raphanus",NA,"sativus","","","Species","","","","","","",NA,"Vesta Bruner","","s.n.","1940-05-00","",1940,5,0,NA,NA,"1940-05","","Open field","","",NA,NA,NA,NA,NA,"","",NA,NA,"","flowers & fruits","Cultivated",NA,NA,"",NA,NA,"herbarium sheet",NA,"",NA,NA,NA,"United States","California","Los Angeles","","Palo Verde.","",0,NA,NA,NA,"","",NA,"","","","","","",NA,NA,NA,NA,NA,"","","","T. Kim Nguyen; cataloged date: 2007-09-19","4/12/23 0:18","da2f0f36-0df1-459f-a621-31d249901d32",17,"7c4fe50b-03df-4007-a572-ebc72feeddc7","https://cch2.org/portal/collections/individual/index.php?occid=1171088"
375698,"SDSU","","","PreservedSpecimen","a7ed7764-9640-41b3-be61-b32f2b7e4464","SDSU01221","01221","Organism|Plantae|Viridiplantae|Streptophyta|Embryophyta|Tracheophyta|Spermatophytina|Magnoliopsida|Rosanae|Brassicales|Brassicaceae|Raphanus","Plantae","Tracheophyta","Magnoliopsida","Brassicales","Brassicaceae","Raphanus sativus","Raphanus sativus",29702,"L.","Raphanus",NA,"sativus","","","Species","","","","","","",NA,"Bastlin, Julia R.","","868","4/20/27","",1927,4,20,110,NA,"4/20/27","","Waste places. San Diego vacant lot.","","Wild Radish.?",NA,NA,NA,NA,NA,"","",NA,NA,"","","",0,NA,"",NA,NA,"",NA,"",NA,NA,NA,"United States","California","San Diego","","","No Locality No Locality information",0,NA,NA,NA,"","",NA,"","","","","","",NA,NA,NA,NA,NA,"","","","preprocessed","4/12/23 0:18","",6,"a7ed7764-9640-41b3-be61-b32f2b7e4464","https://cch2.org/portal/collections/individual/index.php?occid=375698"
3272683,"UCJEPS","VASC","","PreservedSpecimen","e606d525-a82a-4b38-998d-36e5cb4b1444","UC520022","","Organism|Plantae|Viridiplantae|Streptophyta|Embryophyta|Tracheophyta|Spermatophytina|Magnoliopsida|Rosanae|Brassicales|Brassicaceae|Raphanus","Plantae","Tracheophyta","Magnoliopsida","Brassicales","Brassicaceae","Raphanus raphanistrum","Raphanus raphanistrum",29701,"L.","Raphanus",NA,"raphanistrum","","","Species","","","","","","",NA,"Joseph A. Ewan","","7428","4/30/32","",1932,4,30,121,NA,"Apr 30 1932","","on grassy hillside above creek; Upper Sonoran Zone","","",NA,NA,NA,NA,NA,"","",NA,NA,"","Flowering/Fruiting","",NA,NA,"",NA,NA,"",NA,"",NA,NA,NA,"United States","California","Los Angeles","","above Balllona Creek (Baldwin Hills); Baldwin Hills","",0,NA,NA,NA,"","",NA,"","","","","","",NA,NA,NA,NA,NA,"","","","","11/3/21 16:34","UC520022",46,"6fa3137f-8e62-4595-b0c8-d8250ec38682","https://cch2.org/portal/collections/individual/index.php?occid=3272683"
