id,institutionCode,collectionCode,ownerInstitutionCode,basisOfRecord,occurrenceID,catalogNumber,otherCatalogNumbers,higherClassification,kingdom,phylum,class,order,family,scientificName,simplifiedName,taxonID,scientificNameAuthorship,genus,subgenus,specificEpithet,verbatimTaxonRank,infraspecificEpithet,taxonRank,identifiedBy,dateIdentified,identificationReferences,identificationRemarks,taxonRemarks,identificationQualifier,typeStatus,recordedBy,associatedCollectors,recordNumber,eventDate,eventDate2,year,month,day,startDayOfYear,endDayOfYear,verbatimEventDate,occurrenceRemarks,habitat,substrate,verbatimAttributes,behavior,vitality,fieldNumber,eventID,informationWithheld,dataGeneralizations,dynamicProperties,associatedOccurrences,associatedSequences,associatedTaxa,reproductiveCondition,establishmentMeans,cultivationStatus,lifeStage,sex,individualCount,samplingProtocol,preparations,locationID,continent,waterBody,islandGroup,island,country,stateProvince,county,municipality,locality,locationRemarks,localitySecurity,localitySecurityReason,decimalLatitude,decimalLongitude,OG_geodeticDatum,geodeticDatum_translated_to.WGS83,coordinateUncertaintyInMeters,verbatimCoordinates,georeferencedBy,georeferenceProtocol,georeferenceSources,georeferenceVerificationStatus,georeferenceRemarks,minimumElevationInMeters,maximumElevationInMeters,minimumDepthInMeters,maximumDepthInMeters,verbatimDepth,verbatimElevation,disposition,language,recordEnteredBy,modified,sourcePrimaryKey.dbpk,collID,recordID,references
2322547,CAS,BOT-BC,,PreservedSpecimen,urn:catalog:CAS:BOT-BC:74245,74245,urn:catalog:CAS:BOT:496491,Organism|Plantae|Viridiplantae|Streptophyta|Embryophyta|Tracheophyta|Spermatophytina|Magnoliopsida|Rosanae|Brassicales|Brassicaceae|Raphanus,Plantae,Tracheophyta,Magnoliopsida,Brassicales,Brassicaceae,Raphanus sativus,Raphanus sativus,29702,L.,Raphanus,NA,sativus,,,Species,Ihsan A. Al-Shehbaz,1/10/10,,,,,NA,"Zeile, E. M.",,24,9/17/21,,1921,9,17,260,NA,9/17-'21,,,,,NA,NA,NA,NA,NA,,,NA,NA,,,,NA,NA,,NA,NA,,NA,North America,NA,NA,NA,United States,California,Alameda ,,Albany Key R. Station.,,0,NA,NA,NA,,,NA,,,,,,,NA,NA,NA,NA,NA,,,en,,5/13/11 15:01,urn:catalog:CAS:BOT-BC:74245,1,64a4a3ae-c64e-44d4-a729-61e476ee99f6,https://cch2.org/portal/collections/individual/index.php?occid=2322547
2352540,CAS,BOT-BC,,PreservedSpecimen,urn:catalog:CAS:BOT-BC:74248,74248,urn:catalog:CAS:BOT:496489,Organism|Plantae|Viridiplantae|Streptophyta|Embryophyta|Tracheophyta|Spermatophytina|Magnoliopsida|Rosanae|Brassicales|Brassicaceae|Raphanus,Plantae,Tracheophyta,Magnoliopsida,Brassicales,Brassicaceae,Raphanus sativus,Raphanus sativus,29702,L.,Raphanus,NA,sativus,,,Species,Ihsan A. Al-Shehbaz,1/10/10,,,,,NA,"Zeile, E. M.",,36,9/24/21,,1921,9,24,267,NA,9/24-'21,,Lot.,,,NA,NA,NA,NA,NA,,,NA,NA,,,,NA,NA,,NA,NA,,NA,North America,NA,NA,NA,United States,California,Alameda ,,Berkeley.,,0,NA,NA,NA,,,NA,,,,,,,NA,NA,NA,NA,NA,,,en,,5/13/11 15:04,urn:catalog:CAS:BOT-BC:74248,1,fdecbfad-f4c3-44b5-8f70-9176b14d82f4,https://cch2.org/portal/collections/individual/index.php?occid=2352540
2366181,CAS,BOT-BC,,PreservedSpecimen,urn:catalog:CAS:BOT-BC:74247,74247,urn:catalog:CAS:BOT:496485,Organism|Plantae|Viridiplantae|Streptophyta|Embryophyta|Tracheophyta|Spermatophytina|Magnoliopsida|Rosanae|Brassicales|Brassicaceae|Raphanus,Plantae,Tracheophyta,Magnoliopsida,Brassicales,Brassicaceae,Raphanus sativus,Raphanus sativus,29702,L.,Raphanus,NA,sativus,,,Species,Ihsan A. Al-Shehbaz,1/10/10,,,,,NA,"Zeile, E. M.",,27,9/17/21,,1921,9,17,260,NA,9/17-'21,,Sidewalk.,,,NA,NA,NA,NA,NA,,,NA,NA,,,,NA,NA,,NA,NA,,NA,North America,NA,NA,NA,United States,California,Alameda ,,North Berkeley.,,0,NA,NA,NA,,,NA,,,,,,,NA,NA,NA,NA,NA,,,en,,5/13/11 15:03,urn:catalog:CAS:BOT-BC:74247,1,b5fa9fa3-5ead-4a83-a801-75aa8b63d18e,https://cch2.org/portal/collections/individual/index.php?occid=2366181
2388593,CAS,BOT-BC,,PreservedSpecimen,urn:catalog:CAS:BOT-BC:74249,74249,urn:catalog:CAS:BOT:496484,Organism|Plantae|Viridiplantae|Streptophyta|Embryophyta|Tracheophyta|Spermatophytina|Magnoliopsida|Rosanae|Brassicales|Brassicaceae|Raphanus,Plantae,Tracheophyta,Magnoliopsida,Brassicales,Brassicaceae,Raphanus sativus,Raphanus sativus,29702,L.,Raphanus,NA,sativus,,,Species,Ihsan A. Al-Shehbaz,2010-01,,,,,NA,"Zeile, E. M.",,37,9/24/21,,1921,9,24,267,NA,9/24-'21,,Lot.,,,NA,NA,NA,NA,NA,,,NA,NA,,,,NA,NA,,NA,NA,,NA,North America,NA,NA,NA,United States,California,Alameda ,,Berkeley.,,0,NA,NA,NA,,,NA,,,,,,,NA,NA,NA,NA,NA,,,en,,5/13/11 15:05,urn:catalog:CAS:BOT-BC:74249,1,bbc5f474-c07e-41b1-80e3-1cfa5da50964,https://cch2.org/portal/collections/individual/index.php?occid=2388593
2422481,CAS,BOT-BC,,PreservedSpecimen,urn:catalog:CAS:BOT-BC:74246,74246,urn:catalog:CAS:BOT:496400,Organism|Plantae|Viridiplantae|Streptophyta|Embryophyta|Tracheophyta|Spermatophytina|Magnoliopsida|Rosanae|Brassicales|Brassicaceae|Raphanus,Plantae,Tracheophyta,Magnoliopsida,Brassicales,Brassicaceae,Raphanus sativus,Raphanus sativus,29702,L.,Raphanus,NA,sativus,,,Species,Ihsan A. Al-Shehbaz,2010-01,,,,,NA,"Zeile, E. M.",,26,9/17/21,,1921,9,17,260,NA,9/17-'21,,,,,NA,NA,NA,NA,NA,,,NA,NA,,,,NA,NA,,NA,NA,,NA,North America,NA,NA,NA,United States,California,Alameda ,,North Berkeley.,,0,NA,NA,NA,,,NA,,,,,,,NA,NA,NA,NA,NA,,,en,,5/13/11 15:03,urn:catalog:CAS:BOT-BC:74246,1,903558ec-6e2d-460e-87d6-9e9c893b2220,https://cch2.org/portal/collections/individual/index.php?occid=2422481
2446817,CAS,BOT-BC,,PreservedSpecimen,urn:catalog:CAS:BOT-BC:74250,74250,urn:catalog:CAS:BOT:496492,Organism|Plantae|Viridiplantae|Streptophyta|Embryophyta|Tracheophyta|Spermatophytina|Magnoliopsida|Rosanae|Brassicales|Brassicaceae|Raphanus,Plantae,Tracheophyta,Magnoliopsida,Brassicales,Brassicaceae,Raphanus sativus,Raphanus sativus,29702,L.,Raphanus,NA,sativus,,,Species,Ihsan A. Al-Shehbaz,1/10/10,,,,,NA,"Zeile, E. M.",,45,9/30/21,,1921,9,30,273,NA,9/30-'21,,Lot.,,,NA,NA,NA,NA,NA,,,NA,NA,,,,NA,NA,,NA,NA,,NA,North America,NA,NA,NA,United States,California,Alameda ,,Berkeley.,,0,NA,NA,NA,,,NA,,,,,,,NA,NA,NA,NA,NA,,,en,,5/13/11 15:05,urn:catalog:CAS:BOT-BC:74250,1,92bdef41-39f7-4bfd-939d-06ef5f81a90d,https://cch2.org/portal/collections/individual/index.php?occid=2446817
1109866,RSA,RSA,,PreservedSpecimen,bceb318c-79df-435a-b17b-93feb02c36d0,,RSA accession: 431495,Organism|Plantae|Viridiplantae|Streptophyta|Embryophyta|Tracheophyta|Spermatophytina|Magnoliopsida|Rosanae|Brassicales|Brassicaceae|Raphanus,Plantae,Tracheophyta,Magnoliopsida,Brassicales,Brassicaceae,Raphanus sativus,Raphanus sativus,29702,L.,Raphanus,NA,sativus,,,Species,,,,,,,NA,F. C. Ball,,18265,4/12/33,,1933,4,12,102,NA,,,,,,NA,NA,NA,NA,NA,,,NA,NA,,flowers & fruits,Introduced,NA,NA,,NA,NA,herbarium sheet,NA,,NA,NA,NA,United States,California,Amador,,Jackson.,,0,NA,NA,NA,,,NA,,,,,,,NA,NA,NA,NA,NA,,,,Jackie C. McConnaughy; cataloged date: 2012-04-13,4/12/23 0:18,bceb318c-79df-435a-b17b-93feb02c36d0,17,6f581af1-c8f9-4611-873b-a40cc985b76e,https://cch2.org/portal/collections/individual/index.php?occid=1109866
2413972,CAS,BOT-BC,,PreservedSpecimen,urn:catalog:CAS:BOT-BC:74264,74264,urn:catalog:CAS:DS:151048,Organism|Plantae|Viridiplantae|Streptophyta|Embryophyta|Tracheophyta|Spermatophytina|Magnoliopsida|Rosanae|Brassicales|Brassicaceae|Raphanus,Plantae,Tracheophyta,Magnoliopsida,Brassicales,Brassicaceae,Raphanus sativus,Raphanus sativus,29702,L.,Raphanus,NA,sativus,,,Species,Ihsan A. Al-Shehbaz,2010-01,,,,,NA,"Heller, A. A.",,13828a,10/13/23,,1923,10,13,286,NA,13-Oct-23,Seedlings.,In damp soil in the Valley oak belt.,,,NA,NA,NA,NA,NA,,,NA,NA,,,,NA,NA,,NA,NA,,NA,North America,NA,NA,NA,United States,California,Butte ,,Along the highway near Richvale.,,0,NA,NA,NA,,,NA,,,,,,,NA,NA,NA,NA,NA,,,en,,5/13/11 16:25,urn:catalog:CAS:BOT-BC:74264,1,5d7be789-7141-451f-afaa-c06b9a8cea29,https://cch2.org/portal/collections/individual/index.php?occid=2413972
2408641,CAS,BOT-BC,,PreservedSpecimen,urn:catalog:CAS:BOT-BC:74267,74267,urn:catalog:CAS:DS:201088,Organism|Plantae|Viridiplantae|Streptophyta|Embryophyta|Tracheophyta|Spermatophytina|Magnoliopsida|Rosanae|Brassicales|Brassicaceae|Raphanus,Plantae,Tracheophyta,Magnoliopsida,Brassicales,Brassicaceae,Raphanus sativus,Raphanus sativus,29702,L.,Raphanus,NA,sativus,,,Species,Ihsan A. Al-Shehbaz,2010-01,,,,,NA,"Wiggins, Ira L.",,4610,4/18/30,,1930,4,18,108,NA,"April 18, 1930.",,Fallow fields.,,,NA,NA,NA,NA,NA,,,NA,NA,,,,NA,NA,,NA,NA,,NA,North America,NA,NA,NA,United States,California,Contra Costa ,,Jersey Island.,,0,NA,NA,NA,,,NA,,,,,,,NA,NA,NA,NA,NA,,,en,,5/13/11 16:31,urn:catalog:CAS:BOT-BC:74267,1,fadfc0d5-8785-4428-bfb5-6fb71205827e,https://cch2.org/portal/collections/individual/index.php?occid=2408641
1113607,RSA,RSA,,PreservedSpecimen,beb2f67a-109a-404f-a9d2-26fdd2280feb,,RSA accession: 11898,Organism|Plantae|Viridiplantae|Streptophyta|Embryophyta|Tracheophyta|Spermatophytina|Magnoliopsida|Rosanae|Brassicales|Brassicaceae|Raphanus,Plantae,Tracheophyta,Magnoliopsida,Brassicales,Brassicaceae,Raphanus sativus,Raphanus sativus,29702,L.,Raphanus,NA,sativus,,,Species,,,,,,,NA,Elmer I. Applegate,,5218,8/15/27,,1927,8,15,227,NA,,,Along seashore,,,NA,NA,NA,NA,NA,,,NA,NA,,flowers & fruits,Introduced,NA,NA,,NA,NA,herbarium sheet,NA,,NA,NA,NA,United States,California,Del Norte,,Crescent City,,0,NA,NA,NA,,,NA,,,,,,,NA,NA,NA,NA,NA,,,,Jackie C. McConnaughy; cataloged date: 2012-04-13,4/12/23 0:18,beb2f67a-109a-404f-a9d2-26fdd2280feb,17,51969831-e50f-488c-bd91-df68ccdca6a8,https://cch2.org/portal/collections/individual/index.php?occid=1113607
715148,RSA,RSA,,PreservedSpecimen,24bffd3b-7cdd-4a29-98ad-d200aa675db5,,RSA accession: 34319,Organism|Plantae|Viridiplantae|Streptophyta|Embryophyta|Tracheophyta|Spermatophytina|Magnoliopsida|Rosanae|Brassicales|Brassicaceae|Raphanus,Plantae,Tracheophyta,Magnoliopsida,Brassicales,Brassicaceae,Raphanus sativus,Raphanus sativus,29702,L.,Raphanus,NA,sativus,,,Species,,,,,,,NA,Doris K. Kildale,,1506,5/7/26,,1926,5,7,127,NA,,,,,,NA,NA,NA,NA,NA,,,NA,NA,,flowers,Introduced,NA,NA,,NA,NA,herbarium sheet,NA,,NA,NA,NA,United States,California,Humboldt,,Bucksport. Eureka.,,0,NA,NA,NA,,,NA,,,,,,,NA,NA,NA,NA,NA,,,,Jackie C. McConnaughy; cataloged date: 2012-04-13,4/12/23 0:18,24bffd3b-7cdd-4a29-98ad-d200aa675db5,17,c8dc387b-e63d-415a-9827-e690eb8a20d6,https://cch2.org/portal/collections/individual/index.php?occid=715148
760531,RSA,POM,,PreservedSpecimen,3a3e60b9-abec-464a-a81e-b7385b293446,,POM accession: 273392,Organism|Plantae|Viridiplantae|Streptophyta|Embryophyta|Tracheophyta|Spermatophytina|Magnoliopsida|Rosanae|Brassicales|Brassicaceae|Raphanus,Plantae,Tracheophyta,Magnoliopsida,Brassicales,Brassicaceae,Raphanus sativus,Raphanus sativus,29702,L.,Raphanus,NA,sativus,,,Species,,,,,,,NA,Loren Yaussy,,s.n.,2/21/36,,1936,2,21,52,NA,,,"Sandy loam soil, none slope",,,NA,NA,NA,NA,NA,,,NA,NA,,flowers & fruits,Cultivated,NA,NA,,NA,NA,herbarium sheet,NA,,NA,NA,NA,United States,California,Kern,,Arvin,,0,NA,NA,NA,,,NA,,,,,,,137,NA,NA,NA,NA,450ft.,,,T. Kim Nguyen; cataloged date: 2007-09-19,4/12/23 0:18,3a3e60b9-abec-464a-a81e-b7385b293446,17,6713f79f-85f3-4c42-89fc-e5eccb0fc481,https://cch2.org/portal/collections/individual/index.php?occid=760531
2773470,CAS,BOT-BC,,PreservedSpecimen,urn:catalog:CAS:BOT-BC:554230,554230,,Organism|Plantae|Viridiplantae|Streptophyta|Embryophyta|Tracheophyta|Spermatophytina|Magnoliopsida|Rosanae|Brassicales|Brassicaceae|Raphanus,Plantae,Tracheophyta,Magnoliopsida,Brassicales,Brassicaceae,Raphanus sativus,Raphanus sativus,29702,L.,Raphanus,NA,sativus,,,Species,,,,,,,NA,"Griffith, Gerald",,95,4/10/37,,1937,4,10,100,NA,10-Apr-37,"""Wild Radish"".",Lower Sonoran Zone; sandy soil.,,,NA,NA,NA,NA,NA,,,NA,NA,,,,NA,NA,,NA,NA,,NA,North America,NA,NA,NA,United States,California,Kern ,,"Bakersfield City Lot, San Joaquin Valley watershed",,0,NA,NA,NA,,,NA,,,,,,,122,NA,NA,NA,NA,400.0000000000 ft,,en,,6/30/17 11:21,urn:catalog:CAS:BOT-BC:554230,1,74b3aa50-adc8-4360-9529-b898eb938bd3,https://cch2.org/portal/collections/individual/index.php?occid=2773470
747857,RSA,POM,,PreservedSpecimen,343ff263-b193-4e3b-9b48-3034fc566bbc,,POM accession: 273395,Organism|Plantae|Viridiplantae|Streptophyta|Embryophyta|Tracheophyta|Spermatophytina|Magnoliopsida|Rosanae|Brassicales|Brassicaceae|Raphanus,Plantae,Tracheophyta,Magnoliopsida,Brassicales,Brassicaceae,Raphanus raphanistrum,Raphanus raphanistrum,29701,L.,Raphanus,NA,raphanistrum,,,Species,,,,,,,NA,Lyman Benson,,751,5/12/28,,1928,5,12,133,NA,,,Upper Sonoran.,,Fields.,NA,NA,NA,NA,NA,,,NA,NA,,flowers & fruits,Introduced,NA,NA,,NA,NA,herbarium sheet,NA,,NA,NA,NA,United States,California,Lake,,"Kelseyville. Middle N Coast range, Kelsey Creek.",,0,NA,NA,NA,,,NA,,,,,,,488,NA,NA,NA,NA,1600ft.,,,Jackie C. McConnaughy; cataloged date: 2012-04-13,4/12/23 0:18,343ff263-b193-4e3b-9b48-3034fc566bbc,17,a311c13a-4402-488d-8892-f9f08c95e06c,https://cch2.org/portal/collections/individual/index.php?occid=747857
682744,RSA,RSA,,PreservedSpecimen,1569e77b-cf23-4a41-b539-81f9e30199bc,,RSA accession: 2250,Organism|Plantae|Viridiplantae|Streptophyta|Embryophyta|Tracheophyta|Spermatophytina|Magnoliopsida|Rosanae|Brassicales|Brassicaceae|Raphanus,Plantae,Tracheophyta,Magnoliopsida,Brassicales,Brassicaceae,Raphanus sativus,Raphanus sativus,29702,L.,Raphanus,NA,sativus,,,Species,,,,,,,NA,J. W. Blankinship,,s.n.,5/20/25,,1925,5,20,140,NA,,,,,A frequent weed in fields.,NA,NA,NA,NA,NA,,,NA,NA,,flowers & fruits,Introduced,NA,NA,,NA,NA,herbarium sheet,NA,,NA,NA,NA,United States,California,Lake,,Kelseyville.,,0,NA,NA,NA,,,NA,,,,,,,NA,NA,NA,NA,NA,,,,Jackie C. McConnaughy; cataloged date: 2012-04-13,4/12/23 0:18,1569e77b-cf23-4a41-b539-81f9e30199bc,17,6dc3c6ad-df67-4ec3-94eb-82f2f4f1781e,https://cch2.org/portal/collections/individual/index.php?occid=682744
935273,RSA,POM,,PreservedSpecimen,69c29dd0-1d2f-42ec-947e-8a0c8f2503cb,,POM accession: 273397,Organism|Plantae|Viridiplantae|Streptophyta|Embryophyta|Tracheophyta|Spermatophytina|Magnoliopsida|Rosanae|Brassicales|Brassicaceae|Raphanus,Plantae,Tracheophyta,Magnoliopsida,Brassicales,Brassicaceae,Raphanus sativus,Raphanus sativus,29702,L.,Raphanus,NA,sativus,,,Species,,,,,,,NA,Lyman Benson,,359,6/28/28,,1928,6,28,180,NA,,,Upper Sonoran.,,,NA,NA,NA,NA,NA,,,NA,NA,,flowers & fruits,Introduced,NA,NA,,NA,NA,herbarium sheet,NA,,NA,NA,NA,United States,California,Lake,,"McGaw Slough. Kelseyville. Middle N Coast Mtn range, Cold Creek River.",,0,NA,NA,NA,,,NA,,,,,,,457,NA,NA,NA,NA,1500ft.,,,Jackie C. McConnaughy; cataloged date: 2012-04-13,4/12/23 0:18,69c29dd0-1d2f-42ec-947e-8a0c8f2503cb,17,8e5c4149-2f42-40b2-9f55-59cd89e158d5,https://cch2.org/portal/collections/individual/index.php?occid=935273
698690,RSA,RSA,,PreservedSpecimen,1cf67526-be74-4a67-aac3-00f6f28d266a,,RSA accession: 66077,Organism|Plantae|Viridiplantae|Streptophyta|Embryophyta|Tracheophyta|Spermatophytina|Magnoliopsida|Rosanae|Brassicales|Brassicaceae|Raphanus,Plantae,Tracheophyta,Magnoliopsida,Brassicales,Brassicaceae,Raphanus sativus,Raphanus sativus,29702,L.,Raphanus,NA,sativus,,,Species,,,,,,,NA,F. W. Peirson,,2108,4/25/20,,1920,4,25,116,NA,,,,,,NA,NA,NA,NA,NA,,,NA,NA,,flowers & fruits,Cultivated,NA,NA,,NA,NA,herbarium sheet,NA,,NA,NA,NA,United States,California,Los Angeles,,"New York Ave, Altadena",,0,NA,NA,NA,,,NA,,,,,,,NA,NA,NA,NA,NA,,,,T. Kim Nguyen; cataloged date: 2007-09-21,4/12/23 0:18,1cf67526-be74-4a67-aac3-00f6f28d266a,17,0309ddd5-303f-4c49-aea0-7e0f11a4a50e,https://cch2.org/portal/collections/individual/index.php?occid=698690
906238,RSA,POM,,PreservedSpecimen,5be1f81a-ef04-459f-a398-9572bd08e3e8,,POM accession: 12335,Organism|Plantae|Viridiplantae|Streptophyta|Embryophyta|Tracheophyta|Spermatophytina|Magnoliopsida|Rosanae|Brassicales|Brassicaceae|Raphanus,Plantae,Tracheophyta,Magnoliopsida,Brassicales,Brassicaceae,Raphanus sativus,Raphanus sativus,29702,L.,Raphanus,NA,sativus,,,Species,,,,,,,NA,F. L. Robinson,,88,6/2/21,,1921,6,2,153,NA,,,,,Dry sandy soil.,NA,NA,NA,NA,NA,,,NA,NA,,flowers,Introduced,NA,NA,,NA,NA,herbarium sheet,NA,,NA,NA,NA,United States,California,Los Angeles,,Between Claremont and Upland,,0,NA,NA,NA,,,NA,,,,,,,NA,NA,NA,NA,NA,,,,Scott D. White; cataloged date: 2006-03-10,4/12/23 0:18,5be1f81a-ef04-459f-a398-9572bd08e3e8,17,28197f7b-73b5-486e-9559-8fdc7c6abe44,https://cch2.org/portal/collections/individual/index.php?occid=906238
1091776,RSA,POM,,PreservedSpecimen,b4442e91-3571-4040-8069-d1800cf8c967,,POM accession: 12237,Organism|Plantae|Viridiplantae|Streptophyta|Embryophyta|Tracheophyta|Spermatophytina|Magnoliopsida|Rosanae|Brassicales|Brassicaceae|Raphanus,Plantae,Tracheophyta,Magnoliopsida,Brassicales,Brassicaceae,Raphanus sativus,Raphanus sativus,29702,L.,Raphanus,NA,sativus,,,Species,,,,,,,NA,F. L. Robinson,,23,4/14/21,,1921,4,14,104,NA,,,Dry ground in grain field,,,NA,NA,NA,NA,NA,,,NA,NA,,flowers & fruits,Cultivated,NA,NA,,NA,NA,herbarium sheet,NA,,NA,NA,NA,United States,California,Los Angeles,,South Hills. South of Pomona.,,0,NA,NA,NA,,,NA,,,,,,,NA,NA,NA,NA,NA,,,,T. Kim Nguyen; cataloged date: 2007-09-21,4/12/23 0:18,b4442e91-3571-4040-8069-d1800cf8c967,17,99da78db-f2ef-46d7-aab4-9b21057808cf,https://cch2.org/portal/collections/individual/index.php?occid=1091776
1011868,RSA,RSA,,PreservedSpecimen,8e0e74bc-6388-4cb8-95f4-061a93afe1b6,,RSA accession: 431480,Organism|Plantae|Viridiplantae|Streptophyta|Embryophyta|Tracheophyta|Spermatophytina|Magnoliopsida|Rosanae|Brassicales|Brassicaceae|Raphanus,Plantae,Tracheophyta,Magnoliopsida,Brassicales,Brassicaceae,Raphanus sativus,Raphanus sativus,29702,L.,Raphanus,NA,sativus,,,Species,Orlando Misretta,2004-06,,,,,NA,L. E. Hoffman,,s.n.,3/18/26,,1926,3,18,77,NA,,,,,,NA,NA,NA,NA,NA,,,NA,NA,,flowers,Introduced,NA,NA,,NA,NA,herbarium sheet,NA,,NA,NA,NA,United States,California,Los Angeles,,Arroyo Seco Canyon,,0,NA,NA,NA,,,NA,,,,,,,NA,NA,NA,NA,NA,,,,Lisa M. Rojas; cataloged date: 2004-09-03,4/12/23 0:18,8e0e74bc-6388-4cb8-95f4-061a93afe1b6,17,c1c84088-6c82-437f-930e-9b09499b79b0,https://cch2.org/portal/collections/individual/index.php?occid=1011868
968734,RSA,RSA,,PreservedSpecimen,799bbace-8f11-4fcd-8161-2c5a160329af,,RSA accession: 431475,Organism|Plantae|Viridiplantae|Streptophyta|Embryophyta|Tracheophyta|Spermatophytina|Magnoliopsida|Rosanae|Brassicales|Brassicaceae|Raphanus,Plantae,Tracheophyta,Magnoliopsida,Brassicales,Brassicaceae,Raphanus sativus,Raphanus sativus,29702,L.,Raphanus,NA,sativus,,,Species,,,,,,,NA,Elizabeth A. White,,s.n.,1928-05-00,,1928,5,0,NA,NA,1928-05,,Sand dunes,,,NA,NA,NA,NA,NA,,,NA,NA,,flowers & fruits,Introduced,NA,NA,,NA,NA,herbarium sheet,NA,,NA,NA,NA,United States,California,Los Angeles,,El Segundo.,,0,NA,NA,NA,,,NA,,,,,,,NA,NA,NA,NA,NA,,,,Marisa Sripracha; cataloged date: 2001-03-12,4/12/23 0:18,799bbace-8f11-4fcd-8161-2c5a160329af,17,ab20eba4-8bfa-4d2a-b740-b372c3d1d3ba,https://cch2.org/portal/collections/individual/index.php?occid=968734
732955,RSA,RSA,,PreservedSpecimen,2d3a09f0-a0fc-48c4-804a-c64febd0ebb2,,RSA accession: 431477,Organism|Plantae|Viridiplantae|Streptophyta|Embryophyta|Tracheophyta|Spermatophytina|Magnoliopsida|Rosanae|Brassicales|Brassicaceae|Raphanus,Plantae,Tracheophyta,Magnoliopsida,Brassicales,Brassicaceae,Raphanus sativus,Raphanus sativus,29702,L.,Raphanus,NA,sativus,,,Species,,,,,,,NA,Ora M. Clark,,1500,2/3/29,,1929,2,3,34,NA,,,,,,NA,NA,NA,NA,NA,,,NA,NA,,flowers & fruits,Cultivated,NA,NA,,NA,NA,herbarium sheet,NA,,NA,NA,NA,United States,California,Los Angeles,,Palos Verdes,,0,NA,NA,NA,,,NA,,,,,,,NA,NA,NA,NA,NA,,,,T. Kim Nguyen; cataloged date: 2007-09-21,4/12/23 0:18,2d3a09f0-a0fc-48c4-804a-c64febd0ebb2,17,e0f758c2-e993-4822-8dec-45ba3a8661ad,https://cch2.org/portal/collections/individual/index.php?occid=732955
806147,RSA,RSA,,PreservedSpecimen,4ffbae4c-8008-4514-be98-886b434cec46,,RSA accession: 431473,Organism|Plantae|Viridiplantae|Streptophyta|Embryophyta|Tracheophyta|Spermatophytina|Magnoliopsida|Rosanae|Brassicales|Brassicaceae|Raphanus,Plantae,Tracheophyta,Magnoliopsida,Brassicales,Brassicaceae,Raphanus sativus,Raphanus sativus,29702,L.,Raphanus,NA,sativus,,,Species,,,,,,,NA,H. L. Bauer,,s.n,3/20/29,,1929,3,20,79,NA,,,Vacant lot,,,NA,NA,NA,NA,NA,,,NA,NA,,flowers & fruits,Cultivated,NA,NA,,NA,NA,herbarium sheet,NA,,NA,NA,NA,United States,California,Los Angeles,,Long Beach.,,0,NA,NA,NA,,,NA,,,,,,,NA,NA,NA,NA,NA,,,,T. Kim Nguyen; cataloged date: 2007-09-21,4/12/23 0:18,4ffbae4c-8008-4514-be98-886b434cec46,17,552faf56-d0a6-4c16-a686-6a4e3c17c6e8,https://cch2.org/portal/collections/individual/index.php?occid=806147
963366,RSA,RSA,,PreservedSpecimen,770a4a8a-a608-4574-a42b-6922692cee78,,RSA accession: 431474,Organism|Plantae|Viridiplantae|Streptophyta|Embryophyta|Tracheophyta|Spermatophytina|Magnoliopsida|Rosanae|Brassicales|Brassicaceae|Raphanus,Plantae,Tracheophyta,Magnoliopsida,Brassicales,Brassicaceae,Raphanus sativus,Raphanus sativus,29702,L.,Raphanus,NA,sativus,,,Species,,,,,,,NA,T. S. Clare,,s.n.,1929-03-00,,1929,3,0,NA,NA,1929-03,,Near stream.,,,NA,NA,NA,NA,NA,,,NA,NA,,flowers & fruits,Cultivated,NA,NA,,NA,NA,herbarium sheet,NA,,NA,NA,NA,United States,California,Los Angeles,,Topanga Canyon.,,0,NA,NA,NA,,,NA,,,,,,,NA,NA,NA,NA,NA,,,,T. Kim Nguyen; cataloged date: 2007-09-21,4/12/23 0:18,770a4a8a-a608-4574-a42b-6922692cee78,17,a85bc968-a112-47ad-a15f-817149479df2,https://cch2.org/portal/collections/individual/index.php?occid=963366
1080763,RSA,RSA,,PreservedSpecimen,aeff0710-56dd-49eb-9396-3a9d85660d29,,RSA accession: 431479,Organism|Plantae|Viridiplantae|Streptophyta|Embryophyta|Tracheophyta|Spermatophytina|Magnoliopsida|Rosanae|Brassicales|Brassicaceae|Raphanus,Plantae,Tracheophyta,Magnoliopsida,Brassicales,Brassicaceae,Raphanus sativus,Raphanus sativus,29702,L.,Raphanus,NA,sativus,,,Species,,,,,,,NA,L. E. Hoffman,,s.n,5/5/29,,1929,5,5,125,NA,,,,,,NA,NA,NA,NA,NA,,,NA,NA,,flowers & fruits,Cultivated,NA,NA,,NA,NA,herbarium sheet,NA,,NA,NA,NA,United States,California,Los Angeles,,"Hermon Hills, Ave-57. Pasadena.",,0,NA,NA,NA,,,NA,,,,,,,NA,NA,NA,NA,NA,,,,T. Kim Nguyen; cataloged date: 2007-09-19,4/12/23 0:18,aeff0710-56dd-49eb-9396-3a9d85660d29,17,fcc326ce-e5dc-48a0-b39f-3b5b79d388c9,https://cch2.org/portal/collections/individual/index.php?occid=1080763
1119747,RSA,RSA,,PreservedSpecimen,c1bec370-520b-48b1-bba7-13372945b535,,RSA accession: 431478,Organism|Plantae|Viridiplantae|Streptophyta|Embryophyta|Tracheophyta|Spermatophytina|Magnoliopsida|Rosanae|Brassicales|Brassicaceae|Raphanus,Plantae,Tracheophyta,Magnoliopsida,Brassicales,Brassicaceae,Raphanus sativus,Raphanus sativus,29702,L.,Raphanus,NA,sativus,,,Species,,,,,,,NA,F. R. Fosberg,,2985,6/23/30,,1930,6,23,174,NA,,,San Dunes; Supra littoral zone,,,NA,NA,NA,NA,NA,,,NA,NA,,flowers & fruits,Cultivated,NA,NA,,NA,NA,herbarium sheet,NA,,NA,NA,NA,United States,California,Los Angeles,,Del Rey.,,0,NA,NA,NA,,,NA,,,,,,,1,NA,NA,NA,NA,3ft.,,,T. Kim Nguyen; cataloged date: 2007-09-21,4/12/23 0:18,c1bec370-520b-48b1-bba7-13372945b535,17,1bc15117-5f67-4e6d-914b-68a67c11ba29,https://cch2.org/portal/collections/individual/index.php?occid=1119747
657525,RSA,RSA,,PreservedSpecimen,096ffc2f-06e0-4270-bd9b-d81261057481,,RSA accession: 431493,Organism|Plantae|Viridiplantae|Streptophyta|Embryophyta|Tracheophyta|Spermatophytina|Magnoliopsida|Rosanae|Brassicales|Brassicaceae|Raphanus,Plantae,Tracheophyta,Magnoliopsida,Brassicales,Brassicaceae,Raphanus sativus,Raphanus sativus,29702,L.,Raphanus,NA,sativus,,,Species,,,,,,,NA,Howard Mullins,,s.n.,3/13/31,,1931,3,13,72,NA,,,,,,NA,NA,NA,NA,NA,,,NA,NA,,flowers & fruits,Cultivated,NA,NA,,NA,NA,herbarium sheet,NA,,NA,NA,NA,United States,California,Los Angeles,,"Los Angeles. Vacant lots and waste places in the city, roadsides.",,0,NA,NA,NA,,,NA,,,,,,,NA,NA,NA,NA,NA,,,,T. Kim Nguyen; cataloged date: 2007-09-21,4/12/23 0:18,096ffc2f-06e0-4270-bd9b-d81261057481,17,a34d5d4c-1120-4784-9f2c-f6db8ad9e58d,https://cch2.org/portal/collections/individual/index.php?occid=657525
971402,RSA,RSA,,PreservedSpecimen,7ae25f02-4d99-42c7-926a-e4f593419fe5,,RSA accession: 431484,Organism|Plantae|Viridiplantae|Streptophyta|Embryophyta|Tracheophyta|Spermatophytina|Magnoliopsida|Rosanae|Brassicales|Brassicaceae|Raphanus,Plantae,Tracheophyta,Magnoliopsida,Brassicales,Brassicaceae,Raphanus sativus,Raphanus sativus,29702,L.,Raphanus,NA,sativus,,,Species,,,,,,,NA,Adele G. Axtman,,s.n.,7/5/31,,1931,7,5,186,NA,,,,,,NA,NA,NA,NA,NA,,,NA,NA,,flowers & fruits,Cultivated,NA,NA,,NA,NA,herbarium sheet,NA,,NA,NA,NA,United States,California,Los Angeles,,Alhambra,,0,NA,NA,NA,,,NA,,,,,,,NA,NA,NA,NA,NA,,,,T. Kim Nguyen; cataloged date: 2007-09-19,4/12/23 0:18,7ae25f02-4d99-42c7-926a-e4f593419fe5,17,aeffd786-f37e-4e2f-8888-008672113fd0,https://cch2.org/portal/collections/individual/index.php?occid=971402
1050131,RSA,RSA,,PreservedSpecimen,a0521cfe-b137-4d43-8f1d-8e36968b5d82,,RSA accession: 431483,Organism|Plantae|Viridiplantae|Streptophyta|Embryophyta|Tracheophyta|Spermatophytina|Magnoliopsida|Rosanae|Brassicales|Brassicaceae|Raphanus,Plantae,Tracheophyta,Magnoliopsida,Brassicales,Brassicaceae,Raphanus sativus,Raphanus sativus,29702,L.,Raphanus,NA,sativus,,,Species,,,,,,,NA,Alva Watry,,s.n.,8/6/31,,1931,8,6,218,NA,,,,,,NA,NA,NA,NA,NA,,,NA,NA,,flowers & fruits,Cultivated,NA,NA,,NA,NA,herbarium sheet,NA,,NA,NA,NA,United States,California,Los Angeles,,Santa Monica.,,0,NA,NA,NA,,,NA,,,,,,,NA,NA,NA,NA,NA,,,,T. Kim Nguyen; cataloged date: 2007-09-19,4/12/23 0:18,a0521cfe-b137-4d43-8f1d-8e36968b5d82,17,d02a2c95-462d-4096-8472-3489541b63c8,https://cch2.org/portal/collections/individual/index.php?occid=1050131
1143640,RSA,RSA,,PreservedSpecimen,cd13550b-4174-41e6-945e-9c213eecd567,,RSA accession: 608062,Organism|Plantae|Viridiplantae|Streptophyta|Embryophyta|Tracheophyta|Spermatophytina|Magnoliopsida|Rosanae|Brassicales|Brassicaceae|Raphanus,Plantae,Tracheophyta,Magnoliopsida,Brassicales,Brassicaceae,Raphanus sativus,Raphanus sativus,29702,L.,Raphanus,NA,sativus,,,Species,,,,,,,NA,L. C. Wheeler,,s.n.,2/15/31,,1931,2,15,46,NA,,,,,Wild Radish.,NA,NA,NA,NA,NA,,,NA,NA,,,Introduced,NA,NA,,NA,NA,herbarium sheet,NA,,NA,NA,NA,United States,California,Los Angeles,,Pomona.,,0,NA,NA,NA,,,NA,,,,,,,NA,NA,NA,NA,NA,,,,cataloged date: 1998-01-27,4/12/23 0:18,cd13550b-4174-41e6-945e-9c213eecd567,17,4466fbc5-5055-4090-a799-38b6d75cc173,https://cch2.org/portal/collections/individual/index.php?occid=1143640
997281,RSA,RSA,,PreservedSpecimen,871ee658-2f8e-4c8e-aa54-5dc9b702f9fb,,RSA accession: 431485,Organism|Plantae|Viridiplantae|Streptophyta|Embryophyta|Tracheophyta|Spermatophytina|Magnoliopsida|Rosanae|Brassicales|Brassicaceae|Raphanus,Plantae,Tracheophyta,Magnoliopsida,Brassicales,Brassicaceae,Raphanus sativus,Raphanus sativus,29702,L.,Raphanus,NA,sativus,,,Species,,,,,,,NA,Jack Rempel,,15268,3/27/32,,1932,3,27,87,NA,,,"Sand Dunes, protected hollow.",,Flowers purple,NA,NA,NA,NA,NA,,,NA,NA,,flowers & fruits,Cultivated,NA,NA,,NA,NA,herbarium sheet,NA,,NA,NA,NA,United States,California,Los Angeles,,El Segundo.,,0,NA,NA,NA,,,NA,,,,,,,NA,NA,NA,NA,NA,,,,T. Kim Nguyen; cataloged date: 2007-09-21,4/12/23 0:18,871ee658-2f8e-4c8e-aa54-5dc9b702f9fb,17,c0f00465-5109-4b6f-bd48-c5f436a86584,https://cch2.org/portal/collections/individual/index.php?occid=997281
1205092,RSA,RSA,,PreservedSpecimen,ea7e4681-e4db-4f62-9544-c5a397178cf7,,RSA accession: 431481,Organism|Plantae|Viridiplantae|Streptophyta|Embryophyta|Tracheophyta|Spermatophytina|Magnoliopsida|Rosanae|Brassicales|Brassicaceae|Raphanus,Plantae,Tracheophyta,Magnoliopsida,Brassicales,Brassicaceae,Raphanus sativus,Raphanus sativus,29702,L.,Raphanus,NA,sativus,,,Species,,,,,,,NA,L. C. Wheeler,,433,1/8/32,,1932,1,8,8,NA,,,light soil,,,NA,NA,NA,NA,NA,,,NA,NA,,flowers & fruits,Cultivated,NA,NA,,NA,NA,herbarium sheet,NA,,NA,NA,NA,United States,California,Los Angeles,,2 mi. SW Glendora.,,0,NA,NA,NA,,,NA,,,,,,,198,NA,NA,NA,NA,650ft.,,,T. Kim Nguyen; cataloged date: 2007-09-19,4/12/23 0:18,ea7e4681-e4db-4f62-9544-c5a397178cf7,17,4daf3f90-f892-490a-bb6f-e896f3a01d30,https://cch2.org/portal/collections/individual/index.php?occid=1205092
1114974,RSA,RSA,,PreservedSpecimen,bf5f09f0-dc1a-4802-9c8b-9f7a2ac55fe6,,RSA accession: 12397,Organism|Plantae|Viridiplantae|Streptophyta|Embryophyta|Tracheophyta|Spermatophytina|Magnoliopsida|Rosanae|Brassicales|Brassicaceae|Raphanus,Plantae,Tracheophyta,Magnoliopsida,Brassicales,Brassicaceae,Raphanus sativus,Raphanus sativus,29702,L.,Raphanus,NA,sativus,,,Species,,,,,,,NA,C. B. Wolf,,5609,4/11/34,,1934,4,11,101,NA,,,,,Flowers purple some plants white,NA,NA,NA,NA,NA,,,NA,NA,,flowers & fruits,Cultivated,NA,NA,,NA,NA,herbarium sheet,NA,,NA,NA,NA,United States,California,Los Angeles,,"Bryant Ranch, E of Long Beach on mesa. Alt 100ft NE of concrete mon. 1864.92ft. S of NW corner of section",,0,NA,NA,NA,,,NA,T4S R12W S34 NW/4,,,,,,15,NA,NA,NA,NA,50ft.,,,T. Kim Nguyen; cataloged date: 2007-09-21,4/12/23 0:18,bf5f09f0-dc1a-4802-9c8b-9f7a2ac55fe6,17,297ba265-c5f8-491a-b121-c2ef88964ee8,https://cch2.org/portal/collections/individual/index.php?occid=1114974
957317,RSA,RSA,,PreservedSpecimen,74337e76-0d45-4ba7-a2ba-45df97793a96,,RSA accession: 431487,Organism|Plantae|Viridiplantae|Streptophyta|Embryophyta|Tracheophyta|Spermatophytina|Magnoliopsida|Rosanae|Brassicales|Brassicaceae|Raphanus,Plantae,Tracheophyta,Magnoliopsida,Brassicales,Brassicaceae,Raphanus sativus,Raphanus sativus,29702,L.,Raphanus,NA,sativus,,,Species,,,,,,,NA,Robert M. Perkins,,s.n.,3/31/35,,1935,3,31,90,NA,,,East side of the sand dunes.,,,NA,NA,NA,NA,NA,,,NA,NA,,flowers & fruits,Cultivated,NA,NA,,NA,NA,herbarium sheet,NA,,NA,NA,NA,United States,California,Los Angeles,,Playa del Rey.,,0,NA,NA,NA,,,NA,,,,,,,NA,NA,NA,NA,NA,,,,T. Kim Nguyen; cataloged date: 2007-09-19,4/12/23 0:18,74337e76-0d45-4ba7-a2ba-45df97793a96,17,3ec9a4ba-d4fc-46f4-aeca-3c6a2e963319,https://cch2.org/portal/collections/individual/index.php?occid=957317
1012091,RSA,RSA,,PreservedSpecimen,8e27a45f-e92a-403b-91b5-76d39bf15333,,RSA accession: 651173,Organism|Plantae|Viridiplantae|Streptophyta|Embryophyta|Tracheophyta|Spermatophytina|Magnoliopsida|Rosanae|Brassicales|Brassicaceae|Raphanus,Plantae,Tracheophyta,Magnoliopsida,Brassicales,Brassicaceae,Raphanus sativus,Raphanus sativus,29702,L.,Raphanus,NA,sativus,,,Species,,,,,,,NA,Eleanor McClung,,4,3/14/37,,1937,3,14,73,NA,,,,,,NA,NA,NA,NA,NA,,,NA,NA,,flowers,Introduced,NA,NA,,NA,NA,herbarium sheet,NA,,NA,NA,NA,United States,California,Los Angeles,,Playa del Rey.,,0,NA,NA,NA,,,NA,,,,,,,NA,NA,NA,NA,NA,,,,cataloged date: 2001-01-24,4/12/23 0:18,8e27a45f-e92a-403b-91b5-76d39bf15333,17,39d880fd-2e84-4c77-b40c-113d33eebfcf,https://cch2.org/portal/collections/individual/index.php?occid=1012091
1193190,RSA,POM,,PreservedSpecimen,e4caffb2-3ca8-4be6-a5be-8a510e479aaa,,POM accession: 307355,Organism|Plantae|Viridiplantae|Streptophyta|Embryophyta|Tracheophyta|Spermatophytina|Magnoliopsida|Rosanae|Brassicales|Brassicaceae|Raphanus,Plantae,Tracheophyta,Magnoliopsida,Brassicales,Brassicaceae,Raphanus sativus,Raphanus sativus,29702,L.,Raphanus,NA,sativus,,,Species,,,,,,,NA,Henry J. Ramsey,Henry J. Ramsey,2184,3/21/37,,1937,3,21,80,NA,,,,,,NA,NA,NA,NA,NA,,,NA,NA,,flowers & fruits,Cultivated,NA,NA,,NA,NA,herbarium sheet,NA,,NA,NA,NA,United States,California,Los Angeles,,"North Craig Ave., Altadena.",,0,NA,NA,NA,,,NA,,,,,,,NA,NA,NA,NA,NA,,,,T. Kim Nguyen; cataloged date: 2007-09-21,4/12/23 0:18,e4caffb2-3ca8-4be6-a5be-8a510e479aaa,17,12cbe8bc-8cbd-485d-af79-c48341849a0a,https://cch2.org/portal/collections/individual/index.php?occid=1193190
1247827,RSA,POM,,PreservedSpecimen,fec64046-d192-49d2-8bcc-578a3495d4e9,,POM accession: 307009,Organism|Plantae|Viridiplantae|Streptophyta|Embryophyta|Tracheophyta|Spermatophytina|Magnoliopsida|Rosanae|Brassicales|Brassicaceae|Raphanus,Plantae,Tracheophyta,Magnoliopsida,Brassicales,Brassicaceae,Raphanus sativus,Raphanus sativus,29702,L.,Raphanus,NA,sativus,,,Species,,,,,,,NA,Henry J. Ramsey,Henry J. Ramsey,1914,8/19/37,,1937,8,19,231,NA,,,Roadside.,,,NA,NA,NA,NA,NA,,,NA,NA,,flowers & fruits,Cultivated,NA,NA,,NA,NA,herbarium sheet,NA,,NA,NA,NA,United States,California,Los Angeles,,San Gabriel Wash.,,0,NA,NA,NA,,,NA,,,,,,,NA,NA,NA,NA,NA,,,,T. Kim Nguyen; cataloged date: 2007-09-21,4/12/23 0:18,fec64046-d192-49d2-8bcc-578a3495d4e9,17,11cb8cca-0c4f-4fe4-9186-7bace4f9fc10,https://cch2.org/portal/collections/individual/index.php?occid=1247827
1000036,RSA,POM,,PreservedSpecimen,886af347-8a43-4a4c-974d-0d67455429b1,,POM accession: 307800,Organism|Plantae|Viridiplantae|Streptophyta|Embryophyta|Tracheophyta|Spermatophytina|Magnoliopsida|Rosanae|Brassicales|Brassicaceae|Raphanus,Plantae,Tracheophyta,Magnoliopsida,Brassicales,Brassicaceae,Raphanus sativus,Raphanus sativus,29702,L.,Raphanus,NA,sativus,,,Species,,,,,,,NA,Henry J. Ramsey,Henry J. Ramsey,2760,3/1/38,,1938,3,1,60,NA,,,,,,NA,NA,NA,NA,NA,,,NA,NA,,flowers & fruits,Cultivated,NA,NA,,NA,NA,herbarium sheet,NA,,NA,NA,NA,United States,California,Los Angeles,,El Monte.,,0,NA,NA,NA,,,NA,,,,,,,NA,NA,NA,NA,NA,,,,T. Kim Nguyen; cataloged date: 2007-09-21,4/12/23 0:18,886af347-8a43-4a4c-974d-0d67455429b1,17,62ca8a3f-de22-47b9-b7a0-78e8e7b8591f,https://cch2.org/portal/collections/individual/index.php?occid=1000036
1171088,RSA,RSA,,PreservedSpecimen,da2f0f36-0df1-459f-a621-31d249901d32,,RSA accession: 431486,Organism|Plantae|Viridiplantae|Streptophyta|Embryophyta|Tracheophyta|Spermatophytina|Magnoliopsida|Rosanae|Brassicales|Brassicaceae|Raphanus,Plantae,Tracheophyta,Magnoliopsida,Brassicales,Brassicaceae,Raphanus sativus,Raphanus sativus,29702,L.,Raphanus,NA,sativus,,,Species,,,,,,,NA,Vesta Bruner,,s.n.,1940-05-00,,1940,5,0,NA,NA,1940-05,,Open field,,,NA,NA,NA,NA,NA,,,NA,NA,,flowers & fruits,Cultivated,NA,NA,,NA,NA,herbarium sheet,NA,,NA,NA,NA,United States,California,Los Angeles,,Palo Verde.,,0,NA,NA,NA,,,NA,,,,,,,NA,NA,NA,NA,NA,,,,T. Kim Nguyen; cataloged date: 2007-09-19,4/12/23 0:18,da2f0f36-0df1-459f-a621-31d249901d32,17,7c4fe50b-03df-4007-a572-ebc72feeddc7,https://cch2.org/portal/collections/individual/index.php?occid=1171088
3272683,UCJEPS,VASC,,PreservedSpecimen,e606d525-a82a-4b38-998d-36e5cb4b1444,UC520022,,Organism|Plantae|Viridiplantae|Streptophyta|Embryophyta|Tracheophyta|Spermatophytina|Magnoliopsida|Rosanae|Brassicales|Brassicaceae|Raphanus,Plantae,Tracheophyta,Magnoliopsida,Brassicales,Brassicaceae,Raphanus raphanistrum,Raphanus raphanistrum,29701,L.,Raphanus,NA,raphanistrum,,,Species,,,,,,,NA,Joseph A. Ewan,,7428,4/30/32,,1932,4,30,121,NA,Apr 30 1932,,on grassy hillside above creek; Upper Sonoran Zone,,,NA,NA,NA,NA,NA,,,NA,NA,,Flowering/Fruiting,,NA,NA,,NA,NA,,NA,,NA,NA,NA,United States,California,Los Angeles,,above Balllona Creek (Baldwin Hills); Baldwin Hills,,0,NA,NA,NA,,,NA,,,,,,,NA,NA,NA,NA,NA,,,,,11/3/21 16:34,UC520022,46,6fa3137f-8e62-4595-b0c8-d8250ec38682,https://cch2.org/portal/collections/individual/index.php?occid=3272683
3904078,LA,,,PreservedSpecimen,d5b6b40e-7ac8-4f60-bb0c-e854466aabcf,LA00606059,,Organism|Plantae|Viridiplantae|Streptophyta|Embryophyta|Tracheophyta|Spermatophytina|Magnoliopsida|Rosanae|Brassicales|Brassicaceae|Raphanus,Plantae,Tracheophyta,Magnoliopsida,Brassicales,Brassicaceae,Raphanus sativus,Raphanus sativus,29702,L.,Raphanus,NA,sativus,,,Species,Ihsan A. Al-Shehbaz,00:00.0,,,,,NA,"Wheeler, Louis C.",,513,1932-03-00,,1932,3,0,NA,NA,25-Mar-32,Flowers yellow.,Clay soil.,,,NA,NA,NA,NA,NA,,,NA,NA,,,,NA,NA,,NA,NA,,NA,,NA,NA,NA,United States,California,Los Angeles ,,Pomona near Fairgrounds.,,0,NA,NA,NA,,,NA,,,,,,,274,274,NA,NA,NA,900 ft,,,abaniaga,8/27/24 11:29,,34,d5b6b40e-7ac8-4f60-bb0c-e854466aabcf,https://cch2.org/portal/collections/individual/index.php?occid=3904078
639302,RSA,RSA,,PreservedSpecimen,00cec93f-091f-46f4-a010-4c474edfef3c,,RSA accession: 431497,Organism|Plantae|Viridiplantae|Streptophyta|Embryophyta|Tracheophyta|Spermatophytina|Magnoliopsida|Rosanae|Brassicales|Brassicaceae|Raphanus,Plantae,Tracheophyta,Magnoliopsida,Brassicales,Brassicaceae,Raphanus sativus,Raphanus sativus,29702,L.,Raphanus,NA,sativus,,,Species,,,,,,,NA,Nellie V. Haynie,,3659,6/6/39,,1939,6,6,157,NA,,,,,Sandy roadside.,NA,NA,NA,NA,NA,,,NA,NA,,flowers & fruits,Introduced,NA,NA,,NA,NA,herbarium sheet,NA,,NA,NA,NA,United States,California,Monterey,,Pacific Grove.,,0,NA,NA,NA,,,NA,,,,,,,NA,NA,NA,NA,NA,,,,Jackie C. McConnaughy; cataloged date: 2012-04-13,4/12/23 0:18,00cec93f-091f-46f4-a010-4c474edfef3c,17,b25059e5-b635-452c-ad68-538588ea4a82,https://cch2.org/portal/collections/individual/index.php?occid=639302
2342396,CAS,BOT-BC,,PreservedSpecimen,urn:catalog:CAS:BOT-BC:74312,74312,urn:catalog:CAS:DS:111145,Organism|Plantae|Viridiplantae|Streptophyta|Embryophyta|Tracheophyta|Spermatophytina|Magnoliopsida|Rosanae|Brassicales|Brassicaceae|Raphanus,Plantae,Tracheophyta,Magnoliopsida,Brassicales,Brassicaceae,Raphanus sativus,Raphanus sativus,29702,L.,Raphanus,NA,sativus,,,Species,Ihsan A. Al-Shehbaz,2010-01,,,,,NA,"Mallory, George H.",,s.n.,5/4/20,,1920,5,4,125,NA,4-May-20,,,,,NA,NA,NA,NA,NA,,,NA,NA,,,,NA,NA,,NA,NA,,NA,North America,NA,NA,NA,United States,California,Monterey ,,10 miles north of Bradley. West bank of Salinas River.,,0,NA,NA,NA,,,NA,,,,,,,NA,NA,NA,NA,NA,,,en,,5/16/11 13:48,urn:catalog:CAS:BOT-BC:74312,1,9623219a-82f8-450d-b8cd-3de1b18a0a38,https://cch2.org/portal/collections/individual/index.php?occid=2342396
648549,RSA,RSA,,PreservedSpecimen,0527c5b3-8652-4dc1-b692-ede90552daec,,RSA accession: 331,Organism|Plantae|Viridiplantae|Streptophyta|Embryophyta|Tracheophyta|Spermatophytina|Magnoliopsida|Rosanae|Brassicales|Brassicaceae|Raphanus,Plantae,Tracheophyta,Magnoliopsida,Brassicales,Brassicaceae,Raphanus sativus,Raphanus sativus,29702,L.,Raphanus,NA,sativus,,,Species,,,,,,,NA,J. T. Howell,,397,7/14/27,,1927,7,14,195,NA,,,,,,NA,NA,NA,NA,NA,,,NA,NA,,flowers & fruits,Cultivated,NA,NA,,NA,NA,herbarium sheet,NA,,NA,NA,NA,United States,California,Orange,,"Santa Ana River bottom, Rancho Santa Ana.",,0,NA,NA,NA,,,NA,,,,,,,152,NA,NA,NA,NA,500ft.,,,T. Kim Nguyen; cataloged date: 2007-09-21,4/12/23 0:18,0527c5b3-8652-4dc1-b692-ede90552daec,17,998a1664-9b4e-4ee1-a622-83d6e092d8c7,https://cch2.org/portal/collections/individual/index.php?occid=648549
1045591,RSA,RSA,,PreservedSpecimen,9e399ba2-8b7d-4578-98e7-19e0e07048d3,,RSA accession: 431489,Organism|Plantae|Viridiplantae|Streptophyta|Embryophyta|Tracheophyta|Spermatophytina|Magnoliopsida|Rosanae|Brassicales|Brassicaceae|Raphanus,Plantae,Tracheophyta,Magnoliopsida,Brassicales,Brassicaceae,Raphanus sativus,Raphanus sativus,29702,L.,Raphanus,NA,sativus,,,Species,,,,,,,NA,Helen J. Houck,,s.n.,3/27/32,,1932,3,27,87,NA,,Could be filed under L.A. Co.,,,,NA,NA,NA,NA,NA,,,NA,NA,,flowers & fruits,Cultivated,NA,NA,,NA,NA,herbarium sheet,NA,,NA,NA,NA,United States,California,Orange,,"Carbon Canyon, Sunny Hill, [Los Angeles County?]",,0,NA,NA,NA,,,NA,,,,,,,NA,NA,NA,NA,NA,,,,T. Kim Nguyen; cataloged date: 2007-09-21,4/12/23 0:18,9e399ba2-8b7d-4578-98e7-19e0e07048d3,17,2912de10-2188-47cd-8a33-d902ea3053d0,https://cch2.org/portal/collections/individual/index.php?occid=1045591
1224957,RSA,RSA,,PreservedSpecimen,f3fa9f76-3cb3-4775-85ae-7893f359a0f9,,RSA accession: 5502,Organism|Plantae|Viridiplantae|Streptophyta|Embryophyta|Tracheophyta|Spermatophytina|Magnoliopsida|Rosanae|Brassicales|Brassicaceae|Raphanus,Plantae,Tracheophyta,Magnoliopsida,Brassicales,Brassicaceae,Raphanus sativus,Raphanus sativus,29702,L.,Raphanus,NA,sativus,,,Species,,,,,,,NA,C. B. Wolf,,3757,6/28/32,,1932,6,28,180,NA,,,,,,NA,NA,NA,NA,NA,,,NA,NA,,flowers & fruits,Cultivated,NA,NA,,NA,NA,herbarium sheet,NA,,NA,NA,NA,United States,California,Orange,,Bryant Ranch: along western half of north boundary of 40 acre Valencia orange grove at Bryant Ave. and Hansen Road.,,0,NA,NA,NA,,,NA,T4S R11W S27 NE1/4 of SE1/4,,,,,,9,15,NA,NA,NA,30-50ft.,,,T. Kim Nguyen; cataloged date: 2007-09-21,4/12/23 0:18,f3fa9f76-3cb3-4775-85ae-7893f359a0f9,17,d34fb669-b116-48cf-9e1e-afe66286e7e0,https://cch2.org/portal/collections/individual/index.php?occid=1224957
1240026,RSA,POM,,PreservedSpecimen,fb1ad0ac-0916-4932-a921-fd42a633f707,,POM accession: 202603,Organism|Plantae|Viridiplantae|Streptophyta|Embryophyta|Tracheophyta|Spermatophytina|Magnoliopsida|Rosanae|Brassicales|Brassicaceae|Raphanus,Plantae,Tracheophyta,Magnoliopsida,Brassicales,Brassicaceae,Raphanus sativus,Raphanus sativus,29702,L.,Raphanus,NA,sativus,,,Species,,,,,,,NA,L. M. Booth,,1017,5/12/32,,1932,5,12,133,NA,,,,,,NA,NA,NA,NA,NA,,,NA,NA,,flowers & fruits,Cultivated,NA,NA,,NA,NA,herbarium sheet,NA,,NA,NA,NA,United States,California,Orange,,Newport Bay.,,0,NA,NA,NA,,,NA,,,,,,,NA,NA,NA,NA,NA,,,,T. Kim Nguyen; cataloged date: 2007-09-21,4/12/23 0:18,fb1ad0ac-0916-4932-a921-fd42a633f707,17,3dbc1ee5-1b90-4c1b-95d0-8ee186297210,https://cch2.org/portal/collections/individual/index.php?occid=1240026
1045951,RSA,RSA,,PreservedSpecimen,9e63285f-c91a-4ff8-97f7-fb3416fb3fac,,RSA accession: 431500,Organism|Plantae|Viridiplantae|Streptophyta|Embryophyta|Tracheophyta|Spermatophytina|Magnoliopsida|Rosanae|Brassicales|Brassicaceae|Raphanus,Plantae,Tracheophyta,Magnoliopsida,Brassicales,Brassicaceae,Raphanus sativus,Raphanus sativus,29702,L.,Raphanus,NA,sativus,,,Species,,,,,,,NA,M. B. Dunkle,,3287,4/9/33,,1933,4,9,99,NA,,,Dry mesa by ocean.,,,NA,NA,NA,NA,NA,,,NA,NA,,flowers & fruits,Cultivated,NA,NA,,NA,NA,herbarium sheet,NA,,NA,NA,NA,United States,California,Orange,,Dana Point.,,0,NA,NA,NA,,,NA,,,,,,,NA,NA,NA,NA,NA,,,,T. Kim Nguyen; cataloged date: 2007-09-21,4/12/23 0:18,9e63285f-c91a-4ff8-97f7-fb3416fb3fac,17,8e379bfa-362d-49aa-a2d8-fcc0941c0533,https://cch2.org/portal/collections/individual/index.php?occid=1045951
1102188,RSA,RSA,,PreservedSpecimen,b949f32c-f39b-4518-a121-543dddae0076,,RSA accession: 431498,Organism|Plantae|Viridiplantae|Streptophyta|Embryophyta|Tracheophyta|Spermatophytina|Magnoliopsida|Rosanae|Brassicales|Brassicaceae|Raphanus,Plantae,Tracheophyta,Magnoliopsida,Brassicales,Brassicaceae,Raphanus sativus,Raphanus sativus,29702,L.,Raphanus,NA,sativus,,,Species,,,,,,,NA,Claire Kibbe,,19973,1936-07-00,,1936,7,0,NA,NA,1936-07,,In moist places at low altitude.,,"Weed in waste places, flowers white with rose or purplish veins",NA,NA,NA,NA,NA,,,NA,NA,,flowers & fruits,Cultivated,NA,NA,,NA,NA,herbarium sheet,NA,,NA,NA,NA,United States,California,Orange,,Santa Ana Canyon.,,0,NA,NA,NA,,,NA,,,,,,,NA,NA,NA,NA,NA,,,,T. Kim Nguyen; cataloged date: 2007-09-21,4/12/23 0:18,b949f32c-f39b-4518-a121-543dddae0076,17,6e229c04-a24e-42cb-9f86-c4dea0bc7c1c,https://cch2.org/portal/collections/individual/index.php?occid=1102188
2361025,CAS,BOT-BC,,PreservedSpecimen,urn:catalog:CAS:BOT-BC:74229,74229,urn:catalog:CAS:BOT:217004,Organism|Plantae|Viridiplantae|Streptophyta|Embryophyta|Tracheophyta|Spermatophytina|Magnoliopsida|Rosanae|Brassicales|Brassicaceae|Raphanus,Plantae,Tracheophyta,Magnoliopsida,Brassicales,Brassicaceae,Raphanus sativus,Raphanus sativus,29702,L.,Raphanus,NA,sativus,,,Species,Ihsan A. Al-Shehbaz,2010-01,,,,,NA,Bellue; Goodwin,,s.n.,7/1/32,,1932,7,1,183,NA,7/1/32,,,,,NA,NA,NA,NA,NA,,,NA,NA,,,,NA,NA,,NA,NA,,NA,North America,NA,NA,NA,United States,California,Sacramento ,,Unspecified.,,0,NA,NA,NA,,,NA,,,,,,,NA,NA,NA,NA,NA,,,en,,5/13/11 13:03,urn:catalog:CAS:BOT-BC:74229,1,dc3ae814-0588-47a9-93fa-5f2f46811fc4,https://cch2.org/portal/collections/individual/index.php?occid=2361025
2384991,CAS,BOT-BC,,PreservedSpecimen,urn:catalog:CAS:BOT-BC:74230,74230,urn:catalog:CAS:DS:220624,Organism|Plantae|Viridiplantae|Streptophyta|Embryophyta|Tracheophyta|Spermatophytina|Magnoliopsida|Rosanae|Brassicales|Brassicaceae|Raphanus,Plantae,Tracheophyta,Magnoliopsida,Brassicales,Brassicaceae,Raphanus sativus,Raphanus sativus,29702,L.,Raphanus,NA,sativus,,,Species,Ihsan A. Al-Shehbaz,2010-01,,,,,NA,Bellue; Goodwin,,s.n.,6/10/32,,1932,6,10,162,NA,6/10/32,,,,,NA,NA,NA,NA,NA,,,NA,NA,,,,NA,NA,,NA,NA,,NA,North America,NA,NA,NA,United States,California,Sacramento ,,Unspecified.,,0,NA,NA,NA,,,NA,,,,,,,NA,NA,NA,NA,NA,,,en,,5/13/11 13:03,urn:catalog:CAS:BOT-BC:74230,1,b8221783-d11f-4c92-875c-e8c7c0f89e42,https://cch2.org/portal/collections/individual/index.php?occid=2384991
1175435,RSA,RSA,,PreservedSpecimen,dc4cf2e2-51be-4cd6-812e-3fa0bd07e651,,RSA accession: 603735,Organism|Plantae|Viridiplantae|Streptophyta|Embryophyta|Tracheophyta|Spermatophytina|Magnoliopsida|Rosanae|Brassicales|Brassicaceae|Raphanus,Plantae,Tracheophyta,Magnoliopsida,Brassicales,Brassicaceae,Raphanus sativus,Raphanus sativus,29702,L.,Raphanus,NA,sativus,,,Species,,,,,,,NA,L. C. Wheeler,,2034,7/20/33,,1933,7,20,201,NA,,,Gravelly sunny creek bed.,,,NA,NA,NA,NA,NA,,,NA,NA,,flowers & fruits,Cultivated,NA,NA,,NA,NA,herbarium sheet,NA,,NA,NA,NA,United States,California,San Bernardino,,"S. Fork Meadows, Santa Ana River San Bernardino Mts.",,0,NA,NA,NA,,,NA,,,,,,,2530,NA,NA,NA,NA,8300ft.,,,T. Kim Nguyen; cataloged date: 2007-09-21,4/12/23 0:18,dc4cf2e2-51be-4cd6-812e-3fa0bd07e651,17,07e5c07f-3ec9-44e5-98a7-553dcea3162a,https://cch2.org/portal/collections/individual/index.php?occid=1175435
963330,RSA,RSA,,PreservedSpecimen,7705d86a-61c4-4b96-b888-715dbfc30830,,RSA accession: 431501,Organism|Plantae|Viridiplantae|Streptophyta|Embryophyta|Tracheophyta|Spermatophytina|Magnoliopsida|Rosanae|Brassicales|Brassicaceae|Raphanus,Plantae,Tracheophyta,Magnoliopsida,Brassicales,Brassicaceae,Raphanus sativus,Raphanus sativus,29702,L.,Raphanus,NA,sativus,,,Species,,,,,,,NA,Edith Allen,,s.n,7/3/39,,1939,7,3,184,NA,,,,,,NA,NA,NA,NA,NA,,,NA,NA,,flowers & fruits,Cultivated,NA,NA,,NA,NA,herbarium sheet,NA,,NA,NA,NA,United States,California,San Bernardino,,Big Bear.,,0,NA,NA,NA,,,NA,,,,,,,NA,NA,NA,NA,NA,,,,T. Kim Nguyen; cataloged date: 2007-09-21,4/12/23 0:18,7705d86a-61c4-4b96-b888-715dbfc30830,17,08366ab4-f891-440f-9b97-221e9936d32b,https://cch2.org/portal/collections/individual/index.php?occid=963330
764500,RSA,POM,,PreservedSpecimen,3c27fd5d-c65b-45e2-a499-c51e4cd5bee4,,POM accession: 306601,Organism|Plantae|Viridiplantae|Streptophyta|Embryophyta|Tracheophyta|Spermatophytina|Magnoliopsida|Rosanae|Brassicales|Brassicaceae|Raphanus,Plantae,Tracheophyta,Magnoliopsida,Brassicales,Brassicaceae,Raphanus raphanistrum,Raphanus raphanistrum,29701,L.,Raphanus,NA,raphanistrum,,,Species,,,,,,,NA,Henry J. Ramsey,Henry J. Ramsey,1554,7/20/37,,1937,7,20,201,NA,,,,,,NA,NA,NA,NA,NA,,,NA,NA,,flowers & fruits,Introduced,NA,NA,,NA,NA,herbarium sheet,NA,,NA,NA,NA,United States,California,San Diego,,Between San Diego and Temecula,,0,NA,NA,NA,,,NA,,,,,,,NA,NA,NA,NA,NA,,,,T. Kim Nguyen; cataloged date: 2007-09-19,4/12/23 0:18,3c27fd5d-c65b-45e2-a499-c51e4cd5bee4,17,1a6e5adc-14cc-4475-b8db-33abd680713f,https://cch2.org/portal/collections/individual/index.php?occid=764500
1202206,RSA,RSA,,PreservedSpecimen,e91f1b9b-fc82-4446-80b9-d7a0e3a77466,,RSA accession: 431491,Organism|Plantae|Viridiplantae|Streptophyta|Embryophyta|Tracheophyta|Spermatophytina|Magnoliopsida|Rosanae|Brassicales|Brassicaceae|Raphanus,Plantae,Tracheophyta,Magnoliopsida,Brassicales,Brassicaceae,Raphanus sativus,Raphanus sativus,29702,L.,Raphanus,NA,sativus,,,Species,,,,,,,NA,F. A. Thackery,,307,5/6/28,,1928,5,6,127,NA,,,,,,NA,NA,NA,NA,NA,,,NA,NA,,flowers & fruits,Cultivated,NA,NA,,NA,NA,herbarium sheet,NA,,NA,NA,NA,United States,California,San Diego,,"Franklin Canyon, San Diego County.",,0,NA,NA,NA,,,NA,,,,,,,NA,NA,NA,NA,NA,,,,T. Kim Nguyen; cataloged date: 2007-09-21,4/12/23 0:18,e91f1b9b-fc82-4446-80b9-d7a0e3a77466,17,e2e7846f-9504-4f7f-829a-47455ade0bdb,https://cch2.org/portal/collections/individual/index.php?occid=1202206
667072,RSA,RSA,,PreservedSpecimen,0df66e11-095c-49ef-92e7-a8aa3a0a9143,,RSA accession: 431503,Organism|Plantae|Viridiplantae|Streptophyta|Embryophyta|Tracheophyta|Spermatophytina|Magnoliopsida|Rosanae|Brassicales|Brassicaceae|Raphanus,Plantae,Tracheophyta,Magnoliopsida,Brassicales,Brassicaceae,Raphanus sativus,Raphanus sativus,29702,L.,Raphanus,NA,sativus,,,Species,,,,,,,NA,Ora M. Clark,,1618,3/2/29,,1929,3,2,61,NA,,,Open field.,,,NA,NA,NA,NA,NA,,,NA,NA,,flowers & fruits,Cultivated,NA,NA,,NA,NA,herbarium sheet,NA,,NA,NA,NA,United States,California,San Diego,,Vista.,,0,NA,NA,NA,,,NA,,,,,,,NA,NA,NA,NA,NA,,,,T. Kim Nguyen; cataloged date: 2007-09-21,4/12/23 0:18,0df66e11-095c-49ef-92e7-a8aa3a0a9143,17,a60c7963-0051-41f9-a995-4716457e5f09,https://cch2.org/portal/collections/individual/index.php?occid=667072
936997,RSA,RSA,,PreservedSpecimen,6a96c27c-b83b-4ae0-ac47-30c4c1cf2bba,,RSA accession: 38940,Organism|Plantae|Viridiplantae|Streptophyta|Embryophyta|Tracheophyta|Spermatophytina|Magnoliopsida|Rosanae|Brassicales|Brassicaceae|Raphanus,Plantae,Tracheophyta,Magnoliopsida,Brassicales,Brassicaceae,Raphanus sativus,Raphanus sativus,29702,L.,Raphanus,NA,sativus,,,Species,,,,,,,NA,E. A. Purer,,2447,2/10/32,,1932,2,10,41,NA,,,sandy areas,,,NA,NA,NA,NA,NA,,,NA,NA,,flowers & fruits,Cultivated,NA,NA,,NA,NA,herbarium sheet,NA,,NA,NA,NA,United States,California,San Diego,,"Silver Strand, San Diego Co.",,0,NA,NA,NA,,,NA,,,,,,,NA,NA,NA,NA,NA,,,,T. Kim Nguyen; cataloged date: 2007-09-21,4/12/23 0:18,6a96c27c-b83b-4ae0-ac47-30c4c1cf2bba,17,86cf7625-244d-4e78-9f24-e166bf15bab2,https://cch2.org/portal/collections/individual/index.php?occid=936997
710528,RSA,POM,,PreservedSpecimen,229048fa-8f5a-43f5-8527-d2132780210e,,POM accession: 273391,Organism|Plantae|Viridiplantae|Streptophyta|Embryophyta|Tracheophyta|Spermatophytina|Magnoliopsida|Rosanae|Brassicales|Brassicaceae|Raphanus,Plantae,Tracheophyta,Magnoliopsida,Brassicales,Brassicaceae,Raphanus sativus,Raphanus sativus,29702,L.,Raphanus,NA,sativus,,,Species,,,,,,,NA,Arthur L. Cohen,,453,7/11/34,,1934,7,11,192,NA,,,"Lower Sonoran, silt soil.",,,NA,NA,NA,NA,NA,,,NA,NA,,flowers & fruits,Cultivated,NA,NA,,NA,NA,herbarium sheet,NA,,NA,NA,NA,United States,California,San Diego,,San Diego Bay mudflats.,,0,NA,NA,NA,,,NA,,,,,,,0,NA,NA,NA,NA,,,,T. Kim Nguyen; cataloged date: 2007-09-21,4/12/23 0:18,229048fa-8f5a-43f5-8527-d2132780210e,17,5427ac6a-32a7-425d-945f-3d7d474118e1,https://cch2.org/portal/collections/individual/index.php?occid=710528
962044,RSA,POM,,PreservedSpecimen,766ea758-c530-41ab-831e-bfaca2e5c10a,,POM accession: 306600,Organism|Plantae|Viridiplantae|Streptophyta|Embryophyta|Tracheophyta|Spermatophytina|Magnoliopsida|Rosanae|Brassicales|Brassicaceae|Raphanus,Plantae,Tracheophyta,Magnoliopsida,Brassicales,Brassicaceae,Raphanus sativus,Raphanus sativus,29702,L.,Raphanus,NA,sativus,,,Species,,,,,,,NA,Henry J. Ramsey,Henry J. Ramsey,1555,7/20/37,,1937,7,20,201,NA,,,,,,NA,NA,NA,NA,NA,,,NA,NA,,flowers & fruits,Cultivated,NA,NA,,NA,NA,herbarium sheet,NA,,NA,NA,NA,United States,California,San Diego,,Between San Diego and Temecula,,0,NA,NA,NA,,,NA,,,,,,,NA,NA,NA,NA,NA,,,,T. Kim Nguyen; cataloged date: 2007-09-21,4/12/23 0:18,766ea758-c530-41ab-831e-bfaca2e5c10a,17,f4f9232e-6ba1-4ef0-8c43-8b1465316326,https://cch2.org/portal/collections/individual/index.php?occid=962044
375698,SDSU,,,PreservedSpecimen,a7ed7764-9640-41b3-be61-b32f2b7e4464,SDSU01221,01221,Organism|Plantae|Viridiplantae|Streptophyta|Embryophyta|Tracheophyta|Spermatophytina|Magnoliopsida|Rosanae|Brassicales|Brassicaceae|Raphanus,Plantae,Tracheophyta,Magnoliopsida,Brassicales,Brassicaceae,Raphanus sativus,Raphanus sativus,29702,L.,Raphanus,NA,sativus,,,Species,,,,,,,NA,"Bastlin, Julia R.",,868,4/20/27,,1927,4,20,110,NA,4/20/27,,Waste places. San Diego vacant lot.,,Wild Radish.?,NA,NA,NA,NA,NA,,,NA,NA,,,,0,NA,,NA,NA,,NA,,NA,NA,NA,United States,California,San Diego,,,No Locality No Locality information,0,NA,NA,NA,,,NA,,,,,,,NA,NA,NA,NA,NA,,,,preprocessed,4/12/23 0:18,,6,a7ed7764-9640-41b3-be61-b32f2b7e4464,https://cch2.org/portal/collections/individual/index.php?occid=375698
956927,RSA,RSA,,PreservedSpecimen,7404f794-773a-4a47-ab96-5e834881c577,,RSA accession: 431505,Organism|Plantae|Viridiplantae|Streptophyta|Embryophyta|Tracheophyta|Spermatophytina|Magnoliopsida|Rosanae|Brassicales|Brassicaceae|Raphanus,Plantae,Tracheophyta,Magnoliopsida,Brassicales,Brassicaceae,Raphanus sativus,Raphanus sativus,29702,L.,Raphanus,NA,sativus,,,Species,,,,,,,NA,E. E. Stanford,,s.n.,4/18/30,,1930,4,18,108,NA,,,,,,NA,NA,NA,NA,NA,,,NA,NA,,flowers & fruits,Introduced,NA,NA,,NA,NA,herbarium sheet,NA,,NA,NA,NA,United States,California,San Joaquin,,Northeastern portion of the county.,,0,NA,NA,NA,,,NA,,,,,,,NA,NA,NA,NA,NA,,,,Jackie C. McConnaughy; cataloged date: 2012-04-17,4/12/23 0:18,7404f794-773a-4a47-ab96-5e834881c577,17,f45283ec-d8c4-4d17-9616-4d13679f82a1,https://cch2.org/portal/collections/individual/index.php?occid=956927
1146837,RSA,RSA,,PreservedSpecimen,ce94f09e-129c-46dc-9b44-6f806093e3fc,RSA0125360,RSA accession: 482907,Organism|Plantae|Viridiplantae|Streptophyta|Embryophyta|Tracheophyta|Spermatophytina|Magnoliopsida|Rosanae|Brassicales|Brassicaceae|Raphanus,Plantae,Tracheophyta,Magnoliopsida,Brassicales,Brassicaceae,Raphanus sativus,Raphanus sativus,29702,L.,Raphanus,NA,sativus,,,Species,LeRoy Gross,2018-06,,,,,NA,E. E. Stanford,,s.n.,4/18/30,,1930,4,18,108,NA,,,,,,NA,NA,NA,NA,NA,,,NA,NA,,flowers & fruits,Introduced,NA,NA,,NA,NA,herbarium sheet,NA,,NA,NA,NA,United States,California,San Joaquin,,Northeastern portion of the county.,,0,NA,NA,NA,,,NA,,,,,,,NA,NA,NA,NA,NA,,,,K. J. Blassey; cataloged date: 2012-05-08,4/12/23 0:18,ce94f09e-129c-46dc-9b44-6f806093e3fc,17,7da7d5c5-69d1-40ad-bba1-468e0ab54420,https://cch2.org/portal/collections/individual/index.php?occid=1146837
1123870,RSA,POM,,PreservedSpecimen,c3b510cb-ba16-46c2-934c-b316765b0aaf,,POM accession: 273398,Organism|Plantae|Viridiplantae|Streptophyta|Embryophyta|Tracheophyta|Spermatophytina|Magnoliopsida|Rosanae|Brassicales|Brassicaceae|Raphanus,Plantae,Tracheophyta,Magnoliopsida,Brassicales,Brassicaceae,Raphanus sativus,Raphanus sativus,29702,L.,Raphanus,NA,sativus,,,Species,,,,,,,NA,Cora W. Benson,,s.n.,1/26/29,,1929,1,26,26,NA,,,Upper Sonoran.,,,NA,NA,NA,NA,NA,,,NA,NA,,flowers & fruits,Introduced,NA,NA,,NA,NA,herbarium sheet,NA,,NA,NA,NA,United States,California,San Luis Obispo,,Pismo Beach.,,0,NA,NA,NA,,,NA,,,,,,,30,NA,NA,NA,NA,100ft.,,,Jackie C. McConnaughy; cataloged date: 2012-04-17,4/12/23 0:18,c3b510cb-ba16-46c2-934c-b316765b0aaf,17,a1ae9acd-5001-46bf-9441-0699882fdd62,https://cch2.org/portal/collections/individual/index.php?occid=1123870
2772132,CAS,BOT-BC,,PreservedSpecimen,urn:catalog:CAS:BOT-BC:550642,550642,,Organism|Plantae|Viridiplantae|Streptophyta|Embryophyta|Tracheophyta|Spermatophytina|Magnoliopsida|Rosanae|Brassicales|Brassicaceae|Raphanus,Plantae,Tracheophyta,Magnoliopsida,Brassicales,Brassicaceae,Raphanus sativus,Raphanus sativus,29702,L.,Raphanus,NA,sativus,,,Species,,,,,,,NA,"Griffith, Gerald",,40,3/22/37,,1937,3,22,81,NA,22-Mar-37,"""Wild Radish"".",Upper Sonoran zone; clay soil.,,,NA,NA,NA,NA,NA,,,NA,NA,,,,NA,NA,,NA,NA,,NA,North America,NA,NA,NA,United States,California,San Luis Obispo ,,"National Guard Camp, Pacific Coast watershed",,0,NA,NA,NA,,,NA,,,,,,,30,NA,NA,NA,NA,100.0000000000 ft,,en,,5/30/17 14:51,urn:catalog:CAS:BOT-BC:550642,1,c408bbc7-d780-423c-8bc2-83392dc11e0b,https://cch2.org/portal/collections/individual/index.php?occid=2772132
1135498,RSA,POM,,PreservedSpecimen,c9394375-08f0-41c9-b7ad-ba72b27c0d75,,POM accession: 96159,Organism|Plantae|Viridiplantae|Streptophyta|Embryophyta|Tracheophyta|Spermatophytina|Magnoliopsida|Rosanae|Brassicales|Brassicaceae|Raphanus,Plantae,Tracheophyta,Magnoliopsida,Brassicales,Brassicaceae,Raphanus sativus,Raphanus sativus,29702,L.,Raphanus,NA,sativus,,,Species,,,,,,,NA,Marcus E. Jones,,s.n.,4/28/26,,1926,4,28,118,NA,,,,,,NA,NA,NA,NA,NA,,,NA,NA,,flowers & fruits,Cultivated,NA,NA,,NA,NA,herbarium sheet,NA,,NA,NA,NA,United States,California,Santa Barbara,,Orcutt.,,0,NA,NA,NA,,,NA,,,,,,,NA,NA,NA,NA,NA,,,,T. Kim Nguyen; cataloged date: 2007-09-21,4/12/23 0:18,c9394375-08f0-41c9-b7ad-ba72b27c0d75,17,858ba816-71d2-422f-8fa4-2f9501820bac,https://cch2.org/portal/collections/individual/index.php?occid=1135498
684007,RSA,RSA,,PreservedSpecimen,1601abeb-6196-4450-93a3-b39f1e382b05,,RSA accession: 431508,Organism|Plantae|Viridiplantae|Streptophyta|Embryophyta|Tracheophyta|Spermatophytina|Magnoliopsida|Rosanae|Brassicales|Brassicaceae|Raphanus,Plantae,Tracheophyta,Magnoliopsida,Brassicales,Brassicaceae,Raphanus sativus,Raphanus sativus,29702,L.,Raphanus,NA,sativus,,,Species,,,,,,,NA,Dr H. de Forest,,s.n.,3/30/29,,1929,3,30,89,NA,,,,,,NA,NA,NA,NA,NA,,,NA,NA,,flowers & fruits,Cultivated,NA,NA,,NA,NA,herbarium sheet,NA,,NA,NA,NA,United States,California,Santa Barbara,,Cuyama R. Valley,,0,NA,NA,NA,,,NA,,,,,,,NA,NA,NA,NA,NA,,,,T. Kim Nguyen; cataloged date: 2007-09-21,4/12/23 0:18,1601abeb-6196-4450-93a3-b39f1e382b05,17,6167989e-46a4-41b3-8a27-fbad256261d8,https://cch2.org/portal/collections/individual/index.php?occid=684007
1008177,RSA,POM,,PreservedSpecimen,8c516749-30a7-4787-abed-dc557048db3a,,POM accession: 273403,Organism|Plantae|Viridiplantae|Streptophyta|Embryophyta|Tracheophyta|Spermatophytina|Magnoliopsida|Rosanae|Brassicales|Brassicaceae|Raphanus,Plantae,Tracheophyta,Magnoliopsida,Brassicales,Brassicaceae,Raphanus sativus,Raphanus sativus,29702,L.,Raphanus,NA,sativus,,,Species,,,,,,,NA,Lyman Benson,,7970,9/4/36,,1936,9,4,248,NA,,,"Adobe soil, Upper Sonoran",,,NA,NA,NA,NA,NA,,,NA,NA,,flowers & fruits,Cultivated,NA,NA,,NA,NA,herbarium sheet,NA,,NA,NA,NA,United States,California,Santa Clara,,"Palo Alto, Watershed: San Francisco Bay.",,0,NA,NA,NA,,,NA,,,,,,,15,NA,NA,NA,NA,50ft.,,,T. Kim Nguyen; cataloged date: 2007-09-21,4/12/23 0:18,8c516749-30a7-4787-abed-dc557048db3a,17,9b32ddff-f495-40e0-8aab-689d225b0472,https://cch2.org/portal/collections/individual/index.php?occid=1008177
1045059,RSA,POM,,PreservedSpecimen,9df4e6d9-3c4a-42fb-917b-5a6f758a854f,,POM accession: 273402,Organism|Plantae|Viridiplantae|Streptophyta|Embryophyta|Tracheophyta|Spermatophytina|Magnoliopsida|Rosanae|Brassicales|Brassicaceae|Raphanus,Plantae,Tracheophyta,Magnoliopsida,Brassicales,Brassicaceae,Raphanus sativus,Raphanus sativus,29702,L.,Raphanus,NA,sativus,,,Species,,,,,,,NA,Lyman Benson,,7970,9/4/36,,1936,9,4,248,NA,,,"Adobe soil, Upper Sonoran",,,NA,NA,NA,NA,NA,,,NA,NA,,flowers & fruits,Introduced,NA,NA,,NA,NA,herbarium sheet,NA,,NA,NA,NA,United States,California,Santa Clara,,"Palo Alto, Watershed: San Francisco Bay.",,0,NA,NA,NA,,,NA,,,,,,,15,NA,NA,NA,NA,50ft.,,,Jackie C. McConnaughy; cataloged date: 2012-04-17,4/12/23 0:18,9df4e6d9-3c4a-42fb-917b-5a6f758a854f,17,ab1c28fd-7ce5-4398-97db-da4f61804b5d,https://cch2.org/portal/collections/individual/index.php?occid=1045059
1368053,DAV,Vascular Plants,,PreservedSpecimen,ebb3d00d-2adb-47fd-ba9c-396b1a4605ae,DAV310402,Accession #: DAV2644,Organism|Plantae|Viridiplantae|Streptophyta|Embryophyta|Tracheophyta|Spermatophytina|Magnoliopsida|Rosanae|Brassicales|Brassicaceae|Raphanus,Plantae,Tracheophyta,Magnoliopsida,Brassicales,Brassicaceae,Raphanus sativus,Raphanus sativus,29702,L.,Raphanus,NA,sativus,,,Species,,,,,,,NA,M. Wiesendanger,,716,5/5/27,,1927,5,5,125,NA,5-May-27,Not enough data to georeference. | Access Database Number (Deprecated): UCD115233,,,Wild radish.,NA,NA,NA,NA,NA,,,NA,NA,,,,NA,NA,,NA,NA,,NA,,NA,NA,NA,United States,California,Sonoma,,Sonoma County.,,0,NA,NA,NA,,,NA,,C. Walden,,,,Unable to Georeference,NA,NA,NA,NA,NA,,,,,5/18/23 12:51,UCD115233,39,ebb3d00d-2adb-47fd-ba9c-396b1a4605ae,https://cch2.org/portal/collections/individual/index.php?occid=1368053
1062094,RSA,RSA,,PreservedSpecimen,a6142b02-bfa1-4e1b-b2f7-3a79771f3e69,,RSA accession: 722375,Organism|Plantae|Viridiplantae|Streptophyta|Embryophyta|Tracheophyta|Spermatophytina|Magnoliopsida|Rosanae|Brassicales|Brassicaceae|Raphanus,Plantae,Tracheophyta,Magnoliopsida,Brassicales,Brassicaceae,Raphanus sativus,Raphanus sativus,29702,L.,Raphanus,NA,sativus,,,Species,,,,,,,NA,Norland,,42,1929-04-00,,1929,4,0,NA,NA,1929-04,,Barley field.,,1-2 in fleshy roots. Fls purplish - dark veined. Biennial.,NA,NA,NA,NA,NA,,,NA,NA,,flowers,Introduced,NA,NA,,NA,NA,herbarium sheet,NA,,NA,NA,NA,United States,California,Trinity,,[no locality information provided],,0,NA,NA,NA,,,NA,,,,,,,NA,NA,NA,NA,NA,,,,Jackie C. McConnaughy; cataloged date: 2012-04-17,4/12/23 0:18,a6142b02-bfa1-4e1b-b2f7-3a79771f3e69,17,437274dc-45c9-4840-9526-ba0afa787197,https://cch2.org/portal/collections/individual/index.php?occid=1062094
720388,RSA,POM,,PreservedSpecimen,273bd9f0-a866-43eb-91b8-faf6de2397d7,,POM accession: 273400,Organism|Plantae|Viridiplantae|Streptophyta|Embryophyta|Tracheophyta|Spermatophytina|Magnoliopsida|Rosanae|Brassicales|Brassicaceae|Raphanus,Plantae,Tracheophyta,Magnoliopsida,Brassicales,Brassicaceae,Raphanus sativus,Raphanus sativus,29702,L.,Raphanus,NA,sativus,,,Species,,,,,,,NA,Lyman Benson,,8124,4/17/37,,1937,4,17,107,NA,,,Granite sandy soil,,,NA,NA,NA,NA,NA,,,NA,NA,,flowers & fruits,Cultivated,NA,NA,,NA,NA,herbarium sheet,NA,,NA,NA,NA,United States,California,Ventura,,E Bakersfield.,,0,NA,NA,NA,,,NA,,,,,,,122,NA,NA,NA,NA,400ft.,,,T. Kim Nguyen; cataloged date: 2007-09-19,4/12/23 0:18,273bd9f0-a866-43eb-91b8-faf6de2397d7,17,e62ca182-a4c7-47b7-92d2-083a68d3b76e,https://cch2.org/portal/collections/individual/index.php?occid=720388
4126372,RSA,POM,,PreservedSpecimen,8ba0a9ce-7b39-44a5-8acf-5f46c13cb2f0,,POM accession: 273401,Organism|Plantae|Viridiplantae|Streptophyta|Embryophyta|Tracheophyta|Spermatophytina|Magnoliopsida|Rosanae|Brassicales|Brassicaceae|Raphanus,Plantae,Tracheophyta,Magnoliopsida,Brassicales,Brassicaceae,Raphanus sativus,Raphanus sativus,29702,L.,Raphanus,NA,sativus,,,Species,,,,,,,NA,Lyman Benson,,8124,4/17/37,,1937,4,17,107,NA,,,Granite sandy soil,,,NA,NA,NA,NA,NA,,,NA,NA,,flowers & fruits,Cultivated,NA,NA,,NA,NA,herbarium sheet,NA,,NA,NA,NA,United States,California,Ventura,,E Bakersfield.,,0,NA,NA,NA,,,NA,,,,,,,122,NA,NA,NA,NA,400ft.,Deaccessioned,,T. Kim Nguyen; cataloged date: 2007-09-19,4/12/23 0:18,8ba0a9ce-7b39-44a5-8acf-5f46c13cb2f0,17,d3e8e8a5-1c0b-4e46-beed-e6ddc98d7475,https://cch2.org/portal/collections/individual/index.php?occid=4126372