id_formula,id,institutionCode,catalogNumber,year,DNA tissue,leaf_tissue,flw_color,notes,spp notes,resprout notes,,,tissue collected date
2385124,2385124,CAS,74196,1920,"2 terminal bud clusters, extra flower buds",no,white dark veins on sheet,,,,,,
2368640,2368640,CAS,74209,1920,several bud clusters,"yes, cauline with basal morphology",beige on sheet,,,,,,
2398571,2398571,CAS,74207,1920,3 axillary buds ,"yes, basal",beige on sheet,,,,,,
2342396,2342396,CAS,74312,1920,3 axillary buds,"yes, basal",purple on sheet ,extra leaf tissue,,,,,
2401356,2401356,CAS,74221,1921,"2 axillary buds, 1 terminal bud cluster","yes, basal",purple on sheet,potentially glue or other unknown substance on tissue,,,,,
2446817,2446817,CAS,74250,1921,"4 axillary buds, 1 terminal bud cluster, 1 little leaf","yes, cauline w/ intermediate morphology",beige on sheet,duplicate set of samples - (74250-74244) (note: 74246 was not sampled from series) Berkeley CA 1921 - all appear perenniated ,,,,,
2388593,2388593,CAS,74249,1921,2 axillary buds,"yes, cauline w/ intermediate morphology",purple on sheet ,duplicate set of samples - (74250-74244) (note: 74246 was not sampled from series) Berkeley CA 1921 - all appear perenniated ,,,,,
2352540,2352540,CAS,74248,1921,4 axillary buds,"yes, cauline with basal morphology",beige on sheet,duplicate set of samples - (74250-74244) (note: 74246 was not sampled from series) Berkeley CA 1921 - all appear perenniated ,,,,,
2366181,2366181,CAS,74247,1921,2 axillary buds,"yes, cauline with intermediate morphology",purple on sheet ,,,,,,
2322547,2322547,CAS,74245,1921,3 axillary buds,"yes, cauline with intermediate morphology",purple on sheet,duplicate set of samples - (74250-74244) (note: 74246 was not sampled from series) Berkeley CA 1921 - all appear perenniated ,,,,,
2317066,2317066,CAS,74244,1921,3 axillary buds,"yes, cauline with intermediate morphology",purple on sheet,duplicate set of samples - (74250-74244) (note: 74246 was not sampled from series) Berkeley CA 1921 - all appear perenniated ,,,,,
2331781,2331781,CAS,74362,1921,"2 axillary bud, 1 terminal bud cluster","yes, cauline with cauline morphology ",purple on sheet ,"potentially two individuals, glue on terminal bud cluster   ",,,,,
2413972,2413972,CAS,74264,1923,tiny leaf and apical meristeam ,"yes, basal ",n/a,packet of seedlings that germinated in early october,,,,,
2395018,2395018,CAS,74260,1924,4 axillary bud clusters,"yes, cauline with basal morphology ",purple on sheet,,,,,,
2311023,2311023,CAS,74259,1925,3 axillary buds,"yes, cauline with basal morphology",beige on sheet,,,,,,
2288164,2288164,CAS,74192,1926,leaf,no,beige on sheet,single basal leaf could use for both if sufficient ,,,,,
375698,375698,SDSU,SDSU01221,1927,multiple axillary bud clusters,"yes, cauline with basal morphology",purple drk veins on sheet,extra tissue; purplish stems,,,,,
3499442,3499442,UCJEPS,JEPS53815,1927,"7 bud clusters, little leaf","yes, basal",purple on sheet,lots of extra tissue,,,,,
2431017,2431017,CAS,74222,1927,"1 axillary bud, 1 terminal bud cluster, 1 little leaf","yes, cauline with intermediate morphology",purple on sheet,,"setivus morphology, fruits, hairless buds, purple flowers (very likely sativus)",,,,
2386302,2386302,CAS,74329,1927,3 terminal  bud clusters,"yes, cauline with cauline morphology ",beige on sheet ,,,,,,
468984,468984,SD,SD00062713,1927,"4 axillary buds, 2 apical bud clusters, lil leaf, extra buds","yes, basal",purple on sheet,extra DNA tissue - big buds; 'poisoned with LPCP 1970',,,,,9/28/25
141265,141265,SBBG,SBBG213823,1927,"4 axiallary buds, 1 terminal bud cluster, 1 leaf","yes, cauline with cauline morphology ",purple on sheet,extra DNA tissue - leaf scraps and big buds,,,,,10/12/25
83203,83203,SBBG,SBBG213838,1928,4 bud clusters,"yes, cauline with basal morphology",purple on label and sheet,IN SD BAGS,very sativus fruit morphology,,,,10/12/25
3792158,3792158,FSC,FSC0010443,1929,3 axillary buds and one young leaf,"yes, cauline with basal morphology",white dark veins on sheet,extra tissue,,,,,
3792196,3792196,FSC,FSC0010481,1929,3 buds and some leaf bits,"yes, basal",purple drk veins on sheet,extra tissue,,,,,
106537,106537,SBBG,SBBG213844,1929,6 bud clusters,"yes, cauline w/ intermediate morphology",purple on sheet,extra leaf tissue,,,,,10/12/25
469005,469005,SD,SD00062739,1930,one apical bud cluster,no,pink and white on sheet,,,,,,
3260290,3260290,UCJEPS,UC407038,1930,2 big bud clusters,"yes, basal",purple on sheet,,,,,,
3334730,3334730,UCJEPS,UC650429,1930,3 bud clusters,"yes, basal",purple on sheet,,,,,,
2463835,2463835,CAS,74205,1930,"2 axillary buds, 1 terminal bud cluster, a few loose buds","yes, cauline",white dark veins on sheet,island - collected ,,,,,
2408641,2408641,CAS,74267,1930,3 terminal  bud clusters,"yes, basal",purple on sheet,,,,,,
73443,73443,SBBG,SBBG213811,1930,3 axillary buds,"yes, cauline with basal morphology",beige on sheet,IN SD BAGS,,,,,10/12/25
468988,468988,SD,SD00062800,1931,"4 axiallary buds, small leaves","yes, cauline with basal morphology",purple dark veins on sheet,extra tissue,,,,,
468996,468996,SD,SD00062799,1931,"1 axiallary bud, several small leaves, 1 terminal floral bud cluster","yes, basal",white dark veins on sheet,maybe glue on DNA tissue; extra tissue,,,,,
468998,468998,SD,SD00062791,1932,"some small flower buds, tiny axillary bud, one floral meristem","yes, cauline, some glue present","white, dark purple veins on sheet",extra tissue; tiny bud with some glue,,,,,
468997,468997,SD,SD00062792,1932,1 axillary bud; 2 floral bud clusters; loose buds,"yes, cauline",light pink on sheet; pinkish on label,extra tissue,,,,,
468994,468994,SD,SD00062794,1932,"2 axiallary buds, small leaf","yes, cauline",purple on sheet and label,glue on leaf tissue,very likely sativus,,,,
3224405,3224405,UCJEPS,UC589365,1932,4 bud clusters,"yes, cauline with basal morphology",purple on sheet,,,,,,
3358215,3358215,UCJEPS,UC519997,1932,3 bud clusters,"yes, basal","white, dark veins on sheet",some glue on leaf tissue,,,,,
3272683,3272683,UCJEPS,UC520022,1932,several bud clusters,"yes, basal",white dark veins on sheet,,,,,,
2384991,2384991,CAS,74230,1932,3 axillary buds,"yes, basal",purple on sheet,"unsampled duplicate if extraction fails (74229, non specific location data, sampled a month apart)",,,,,
2449627,2449627,CAS,74280,1932,5 terminal bud clusters,"yes, cauline with basal morphology ",yellow on label,extra leaf tissue,,,,,
2440492,2440492,CAS,74279,1932,"3 axillary buds, 1 terminal bud cluster","yes, cauline with intermediate morphology",yellow on label,,,,,,
468995,468995,SD,SD00062714,1932,"6 axillary buds, 1 big multibud cluster with glue","yes, cauline with basal morphology","purple on sheet ""orchid"" on label",glue on some of leaf tissue; glue on large bud cluster (extra DNA tissue),,,,,9/29/25
468993,468993,SD,SD00062793,1933,few floral bud clusters,"yes, cauline",purple on sheet,,,,,,
3492727,3492727,UCJEPS,UC521694,1933,3 bud clusters,"yes, cauline with intermediate morphology","white, dark veins on sheet",weird looking specimen; glue on leaf tissue,,,,,
3792171,3792171,FSC,FSC0010456,1934,3 bud clusters,"yes, cauline, not basal morphology",purple flowers drk veins,,,,,,
468990,468990,SD,SD00062715,1934,2-3 axillary buds,"yes, basal",white on sheet,,,,,,
3377055,3377055,UCJEPS,JEPS53819,1934,3 axiallary buds,"yes, cauline, intermediate morphology","white on sheet, light veins",,,,,,
3417594,3417594,UCJEPS,UC1614555,1934,4 bud clusters,"yes, cauline, intermediate morphology",purple on sheet,,,,,,
3379131,3379131,UCJEPS,UC1126745,1934,"2 axiallary buds, 2 bud clusters","yes, cauline with basal morphology","white, light veins on sheet",,,,,,
3550026,3550026,UCJEPS,UC1126746,1934,5 bud clusters,"yes, cauline with basal morphology",light purple on sheet,,,,,,
3462399,3462399,UCJEPS,JEPS54284,1935,"3 bud clusters, 2 little leaves","yes, basal",white dark veins,,,,,,
3262100,3262100,UCJEPS,UC765025,1935,4 bud clusters,"yes, basal",yellow on sheet,,,,,,
3335398,3335398,UCJEPS,UC765016,1935,3 bud clusters,"yes, basal",purple on sheet,,,,,,
3525429,3525429,UCJEPS,UC1126748,1935,2 terminal bud clusters,no,purple on sheet,bit of glue on DNA tissue,,,,,
3562157,3562157,UCJEPS,UC1126747,1935,"2 terminal bud clusters, 1 axiallary bud","yes, cauline with basal morphology",purple on sheet,,,,,,
3433650,3433650,UCJEPS,UC1126749,1935,3 terminal bud clusters,"yes, cauline, intermediate morphology",purple on sheet,glue on leaf tissue,,,,,
3563575,3563575,UCJEPS,UC1536931,1935,3 bud clusters,"yes, cauline, intermediate morphology",purple on sheet,,,,,,
3366934,3366934,UCJEPS,UC1126750,1935,"2 terminal bud clusters, 2 axiallary buds, little leaf","yes, cauline ",purple on sheet ,extra tissue,,,,,
3444193,3444193,UCJEPS,UC596419,1935,4 bud clusters,"yes, cauline with basal morphology",white with dark veins on sheet,glue on leaf tissue,,,,,
3306212,3306212,UCJEPS,UC1126752,1935,4 terminal bud clusters,"yes, cauline",purple on sheet,,,,,,
2061482,2061482,CHSC,CHSC000533,1935,"3 axillary bud, 1 little leaf","yes, basal ",beige on sheet,smaller leaf piece with glue,,,,,
469026,469026,SD,SD00062737,1935,5 axillary buds,"yes, cauline w/ intermediate morphology",purple on sheet,extra DNA tissue,,,,,9/26/25
468992,468992,SD,SD00062717,1935,"3 axillary buds, 3 terminal bud cluster","yes, cauline w/ intermediate morphology",purple on sheet,,,,,,9/27/25
468964,468964,SD,SD00062718,1935,"4 axiallary buds, 1 terminal bud cluster, 1 leaf","yes, basal","beige, brown veins on sheet","good basal leaf tissue, extra leaf tissue","few hairs on buds, really  long petioles… ot massively swollen root",,,,10/6/25
468991,468991,SD,SD00062716,1935,"3 axillary bud, 1 terminal bud cluster, 1 little leaf","yes, basal",beige dark veins on sheet,,,,,,10/6/25
468970,468970,SD,SD00062671,1936,bud clusters and yound leaves,"yes, basal",,extra tissue (leaves likely with some glue),,,,,
3737681,3737681,SD,SD00062562,1936,2 big axiallary bud clusters,"yes, intermediate",white dark verins on sheet,extra tissue,,,,,
468972,468972,SD,SD00062564,1936,"1 axiallary bud, 2 floral bud clusters, small leaf","yes, basal",white on sheet,pollen present; extra tissue,,,,,
468974,468974,SD,SD00062679,1936,2 bud clusters,"yes, basal",purplish on sheet,,,,,,
468973,468973,SD,SD00062553,1936,4 axillary buds,"yes, cauline with basal morphology",white light veins on sheet,extra tissue,,,,,
3523645,3523645,UCJEPS,JEPS53814,1936,"4 bud clusters, 1 little leaf, extra buds","yes, basal","white on sheet, light veins",extra DNA tissue,,,,,
3534929,3534929,UCJEPS,JEPS53813,1936,"1 axiallary bud, 1 terminal bud cluster","yes, cauline with basal morphology","petals white, purple veins on label",,,,,,
3183749,3183749,UCJEPS,UC1126742,1936,"1 apical bud cluster, 1 axiallary bud cluster","yes, basal","white, light veins on sheet",,raphanistrum fruit morphology,,,,
3489238,3489238,UCJEPS,UC1126741,1936,"1 terminal bud cluster, 1 big apical cluster","yes, basal","white, light veins on sheet",,,,,,
3293792,3293792,UCJEPS,UC1126754,1936,"1 massive bud cluster, little leaf","yes, basal",purple on sheet,,,,,,
3440200,3440200,UCJEPS,UC1126753,1936,4 bud clusters,"yes, cauline, intermediate morphology",purple on sheet,"leaf tissues old and dead, possibly with glue",,,,,
3310288,3310288,UCJEPS,UC606739,1936,2 bud clusters,"yes, cauline with basal morphology",pink tips on sheet,,,,,,
3281522,3281522,UCJEPS,UC1126744,1936,4 bud clusters,"yes, basal",white dark veins on sheet,,,,,,
2293307,2293307,CAS,74183,1936,"1 axillary bud, 2 terminal bud cluster, several loose flower buds","yes, cauline, with cauline morphology ",white on sheet,leaf tissue maybe with sum glue,,,,,
NA,NA,CAS,911736,1936,"1 large terminal bud cluster, 1 axillary bud, 1 little leaf","yes, cauline with basal morphology ",beige on sheet ,,,,,,
2338864,2338864,CAS,74333,1936,4 terminal bud clusters,no,beige on sheet,,,,,,
468966,468966,SD,SD00062754,1936,4 axiallary buds,"yes, basal",purple on sheet,,,,,,10/6/25
468968,468968,SD,SD00062672,1936,4 axiallary buds,"yes, cauline with cauline morphology ","beige dark veins, maybe purple tips on sheet",poisoned lpcp 1970,,,,,10/6/25
468971,468971,SD,SD00062678,1936,5 axillary buds,"yes, basal",purple on sheet,poisoned lpcp 1970,,,,,10/6/25
468967,468967,SD,SD00062673,1936,4 axiallary buds,"yes, basal",brown on sheet,poisoned lpcp 1970,,,,,10/6/25
468975,468975,SD,SD00062674,1936,4 axiallary buds,"yes, basal",beige on sheet,poisoned lpcp 1970,,,,,10/6/25
468979,468979,SD,SD00061956,1937,"3-4 axillary buds, 1 terminal bud cluster","yes, basal",light purple on sheet,extra tissue (?),true sativus,,,,
3477178,3477178,UCJEPS,UC1126751,1937,3 apical bud clusters,"yes, cauline with basal morphology",purple on sheet,for sure glue on leaf tissue,,,,,
3232355,3232355,UCJEPS,UC1084367,1937,3 terminal bud clusters,"yes, basal",purple on sheet,,,,,,
2405523,2405523,CAS,74175,1937,"4 axillary buds, little leaf","yes, basal morphology ",white on sheet,likely perennated ,,,,,
2773470,2773470,CAS,554230,1937,"2 terminal bud clusters, 1 axillary bud","yes, basal",beige on sheet,extra leaf tissue,,,,,
2771952,2771952,CAS,550561,1937,3 terminal  bud clusters,"yes, cauline with intermediate morphology",beige on sheet,"badly dried, likely bad DNA",,,,,
2771954,2771954,CAS,550563,1937,4 terminal bud clusters,"yes, cauline with basal morphology",beige on sheet,"badly dried, likely bad DNA",,,,,
2772139,2772139,CAS,550649,1937,"4 terminal bud clusters, 2 axillary buds","yes, basal",beige on sheet,,,,,,
2772132,2772132,CAS,550642,1937,1 large terminal bud cluster,"yes, basal",purple on sheet ,unsampled duplicate if extraction fails (550643),,,,,
468980,468980,SD,SD00062677,1937,4 axiallary buds,"yes, cauline w/ intermediate morphology",purple on sheet,extra larger bud and lf tissue w/ DNA tissue,,,,,9/10/25
468982,468982,SD,SD00062675,1937,"3 axillary bud, 1 little leaf","yes, cauline with basal morphology",white light veins on sheet,,,,,,10/6/25
468977,468977,SD,SD00062676,1937,6 axillary buds,"yes, basal",beige on sheet,,"looks like true sativus; swollen radish root! Hairless buds, pink flowers",,,,10/6/25
2367740,2367740,CAS,74231,1938,4 axillary buds,"yes, cauline with intermediate morphology",white on sheet ,,,,,,
2061578,2061578,CHSC,CHSC000535,1938,"3 apical buds, 2 little leaves","yes, cauline",pink on sheet (maybe white with pink veins that bled),,,,,,
468983,468983,SD,SD00062670,1938,4 axiallary buds,"yes, basal",purple on sheet,poisoned lpcp 1970,,,,,10/6/25
108810,108810,SBBG,SBBG213812,1939,4 axiallary buds,"yes, basal",beige on sheet,,,,,,10/12/25
3792179,3792179,FSC,FSC0010464,1940,leaf tissue only available,"yes, basal",no flowers,,,,,,
468985,468985,SD,SD00062743,1940,3 axillary bud clusters and a lil leaf,"yes, basal",light pink on sheet,extra tissue,,,,,
468986,468986,SD,SD00062669,1940,2 apical bud clusters,"yes, cauline with basal morphology",light purple on sheet,,,,,,9/8/25
468987,468987,SD,SD00062668,1940,4 axiallary buds,"yes, cauline",purple on sheet,poisoned lpcp 1970,,,,,10/6/25
3753225,3753225,SDSU,SDSU15560,2000,few axillary buds,"yes, cauline with basal morphology",purple drk veins on sheet,,,,,,
469025,469025,SD,SD00062738,2000,several bud clusters and extra buds,"yes, cauline with basal morphology",purple (label and sheet),extra tissue,,,,,
469028,469028,SD,SD00062768,2000,2 huge axillary buds,"yes, cauline w/ intermediate morphology",purple and white (label and sheet) ,extra tissue,,,,,
469027,469027,SD,SD00062662,2000,2 axillary buds,"yes, basal",purple on sheet and label,,,,,,
2085539,2085539,CHSC,CHSC081475,2000,3 axiallary buds,"yes, cauline with basal morphology",white dark veins on sheet,,,,,,
1300530,1300530,DAV,DAV310440,2000,"2 axiallary bud2, 1 terminal bud cluster","yes, cauline with basal morphology",beige/yellow on sheet,small amount glue on leaf tissue,,definitievely not a resprout,,,10/22/25
1367985,1367985,DAV,DAV300676,2000,4 axiallary buds,"yes, cauline w/ intermediate morphology","light purple on sheet, white on label",,,no evidence of resprout,,,
202449,202449,OBI,OBI101734,2001,buds w extra,"yes, basal",yellow (on label),"label notes ""white, purple, and apricot"" flws in same pop",,,,,
293450,293450,UCSB,UCSB032040,2001,buds w extra,"yes, cauline with basal morphology",purple on sheet,,,,,,
76355,76355,SBBG,SBBG213818,2001,"6 bud clusters, 2 little leaves","yes, cauline with basal morphology",purple on label and sheet,IN SD BAGS,,,,,10/12/25
330069,330069,UCSB,UCSB040101,2002,buds w extra,"yes, cauline with basal morphology",purple on sheet,,,,,,
389892,389892,SDSU,SDSU15680,2003,few axillary buds,"yes, cauline with basal morphology",purple tip dark veins,,"less hairy than most, not much constriction",,,,
469038,469038,SD,SD00062686,2003,few terminal bud clusters,"yes, cauline w/ intermediate morphology",light purple dark veins on sheet and label,,,,,,
469031,469031,SD,SD00062660,2003,several axiallary buds,"yes, cauline",purple on sheet and label (pink on label),,,,,,
3475357,3475357,UCJEPS,JEPS100009,2003,3 bud clusters,"yes, cauline, intermediate morphology","white on sheet, white veins",extra leaf tissue,,,,,
469053,469053,SD,SD00062753,2003,"3 axiallary bud, 1 little leaf","yes, cauline with cauline morphology ",purple on label and sheet,extra DNA tissue - little leaf,,,,,10/6/25
84330,84330,SBBG,SBBG213817,2003,5 bud clusters,"yes, cauline w/ intermediate morphology",purple on sheet,,,,,,10/12/25
1548194,1548194,UCR,UCR0083344,2003,3 axiallary buds,"yes, basal",purple on sheet,leaf tissue senescing ,,definitievely not a resprout,,,10/20/25
1566244,1566244,UCR,UCR0083370,2003,4 axiallary buds,"yes, cauline w/ intermediate morphology",purple on label,,,dry fruiting branches with mini resprouts,,,10/20/25
1635838,1635838,UCR,UCR0083340,2003,"4 axiallary buds, few lil leaves","yes, cauline w/ intermediate morphology",purple on label and sheet,,,definitievely not a resprout,,,10/20/25
1547140,1547140,UCR,UCR0083373,2003,3 axiallary buds,"yes, cauline w/ intermediate morphology",purple on sheet,,,dry fruiting branches with mini resprouts,,,10/22/25
202480,202480,OBI,OBI101761,2004,buds w extra,"yes, basal","purple and white (on label), also purple on sheet",,,,,,
469062,469062,SD,SD00062590,2004,1 bud cluster,"yes, cauline",purple (label and sheet),,,,,,
469058,469058,SD,SD00062561,2004,several bud clusters,"yes, cauline with basal morphology","white on label and sheet, light veins",extra tissue,,,,,
469059,469059,SD,SD00062755,2004,several axillary buds,"yes, cauline w/ intermediate morphology",purple and white (label and sheet) ,,,,,,
469078,469078,SD,SD00062639,2004,axillary buds and small leaves,"yes, basal",purple and white (label and sheet) ,extra tissue,,,,,
3400832,3400832,UCJEPS,JEPS111867,2004,"2 bud clusters, little leaf","yes, basal",pink on sheet and label,,,,,,
469033,469033,SD,SD00062766,2004,"2 axillary bud, 2 terminal bud cluster","yes, cauline w/ intermediate morphology",purple on label and sheet,,,,,,9/6/25
469040,469040,SD,SD00062685,2004,"3 axillary bud, 1 terminal","yes, cauline w/ intermediate morphology",pink on label,extra leaf tissue (whole lil leaf from envelope),,,,,9/20/25
469069,469069,SD,SD00062559,2004,"2 axillary bud, 3 terminal bud cluster","yes, basal",purple on sheet ,extra leaf tissue,,,,,9/22/25
469055,469055,SD,SD00062752,2004,6 axillary buds,"yes, cauline w/ intermediate morphology",purple on label and sheet,,,,,,10/6/25
1657455,1657455,UCR,UCR0083305,2004,"2 axiallary bud, 2 little leaf","yes, cauline w/ intermediate morphology",beige on sheet,,,definitievely not a resprout,,,10/20/25
1578856,1578856,UCR,UCR0083366,2004,4 axiallary buds,"yes, cauline w/ intermediate morphology",white on sheet and label,,,no evidence of resprout,,,10/20/25
1654990,1654990,UCR,UCR0083358,2004,3 axiallary buds,"yes, basal","white to purple on label, white dark veins on sheet",,,no evidence of resprout,,,10/22/25
1560057,1560057,UCR,UCR0083372,2004,"3 axiallary bud, 1 little leaf","yes, basal",purple on sheet,,,no evidence of resprout,,,10/22/25
1896191,1896191,UCSB,UCSB041759,2005,buds w extra,"yes, basal",purple on sheet,,,,,,
469067,469067,SD,SD00062648,2005,3 axillary buds,"yes, basal","bronze on sheet (purple tipe, yellow base)",,,,,,
469085,469085,SD,SD00062638,2005,several axillary buds,"yes, cauline w/ intermediate morphology",purple and white (label and sheet) ,extra tissue,,,,,
469079,469079,SD,SD00062691,2005,,"yes, cauline with basal morphology",,,,,,,
2500762,2500762,CAS,154056,2005,"3 axillary buds, 1 terminal bud cluster","yes, cauline, with cauline morphology ",purple on sheet,,,,,,
2120835,2120835,CHSC,CHSC090955,2005,"many buds, sml leaf","yes, cauline with cauline morphology ",purple on sheet,extra DNA and leaf tissue,,,,,
469095,469095,SD,SD00062585,2005,4 axiallary buds,"yes, basal",purple on label and sheet,,,,,,9/12/25
469063,469063,SD,SD00062589,2005,3 axiallary buds; one massive terminal bud cluster,"yes, cauline with basal morphology",white on sheet and label,tons extra DNA tissue; extra leaf tissue,,,,,9/13/25
469065,469065,SD,SD00062735,2005,"2 axillary buds, 1 terminal bud cluster","yes, cauline w/ intermediate morphology",purple on label and sheet,,,,,,10/2/25
469061,469061,SD,SD00062747,2005,3 axiallary buds,"yes, cauline w/ intermediate morphology","beige on sheet, tips with dark veins!",,,,,,10/6/25
469046,469046,SD,SD00062759,2005,4 axiallary buds,no,yellow on label,,,,,,10/6/25
469044,469044,SD,SD00062760,2005,2 large multibud axilary bud clusters,"yes, basal",purple on label and sheet,extra DNA tissue,,,,,10/6/25
1591417,1591417,UCR,UCR0083360,2005,4 axiallary buds,"yes, cauline w/ intermediate morphology",purple on sheet,,,dry fruiting branches with mini resprouts,,,10/20/25
1602409,1602409,UCR,UCR0111501,2005,5 axillary buds,"yes, cauline w/ intermediate morphology",purple on sheet,maybe glue on DNA tissue,,dry fruiting branches with mini resprouts,,,10/20/25
1582894,1582894,UCR,UCR0083403,2005,6 axillary buds,"yes, cauline w/ intermediate morphology",purple on sheet,,,no evidence of resprout,,,10/20/25
469105,469105,SD,SD00062729,2006,mature leaf and one flw bud,"yes, unknown but appears to have basal morphology",purple and white (label and sheet) dark veins,tissue from fragment envelope,,,,,
469114,469114,SD,SD00062734,2006,several bud clusters,"yes, basal",purple and white (label and sheet) ,,,,,,
469096,469096,SD,SD00062584,2006,3 axillary buds,"yes, basal",purple (label and sheet),,,,,,
NA,NA,CHSC,CHSC098192,2006,5 axillary buds,"yes, cauline w/ intermediate morphology",yellow on label,"OREGON, oops… ; some glue on leaf tissue",,,,,
469091,469091,SD,SD00062720,2006,4 axiallary buds,"yes, basal",purple and white (label and sheet) ,,,,,,9/11/25
469126,469126,SD,SD00062682,2006,3 apical bud clusters,"yes, cauline with cauline morphology ",purple on sheet,extra leaf tissue,,,,,9/16/25
469115,469115,SD,SD00062731,2006,5 axillary buds,"yes, cauline w/ intermediate morphology",white on sheet and label,,"few hairs on buds, really  long petioles… ot massively swollen root",,,,10/3/25
1590780,1590780,UCR,UCR0083396,2006,3 axiallary buds,"yes, cauline with basal morphology","beige, light veins on sheet (yellow?)",,,no evidence of resprout,,,10/22/25
292533,292533,UCSB,UCSB038863,2007,buds w extra,"yes, basal",,,,,,,
231367,231367,UCSC,UCSC100000693,2007,bud clusters,"yes, cauline with basal morphology",purple small white center dark veins (on sheet),hairy,"labeled sativus, likely hybrid but no morpho confirmation bc not in fruit",,,,
2124078,2124078,CHSC,CHSC096467,2007,"3 axillary bud, 1 little leaf","yes, basal",beige on sheet,,,,,,
2125798,2125798,CHSC,CHSC099463,2007,4 axiallary buds,"yes, cauline with basal morphology",white dark veins on sheet,,,,,,
469113,469113,SD,SD00062733,2007,6 axillary buds,"yes, cauline with cauline morphology ",purple on sheet,,,,,,10/1/25
469107,469107,SD,SD00062630,2007,1 terminal  multi-bud cluster,"yes, cauline with basal morphology",purple on label and sheet,all tissue from envelope; whole small leaf,,,,,10/6/25
469111,469111,SD,SD00062628,2007,4 axiallary buds,"yes, cauline",purple on label and sheet,,,,,,10/6/25
80367,80367,SBBG,SBBG213816,2007,3 axiallary buds,"yes, cauline with basal morphology",purple on sheet ,IN SD BAGS,,,,,10/12/25
1606153,1606153,UCR,UCR0083333,2007,6 axillary buds,"yes, cauline with basal morphology",purple on label and sheet,,,definitievely not a resprout,,,10/20/25
469157,469157,SD,SD00062726,2008,1 apical bud cluster,"yes, basal",pink and with (label and sheet),,,,,,
469119,469119,SD,SD00062784,2008,2 terminal bud clusters,"yes, cauline w/ intermediate morphology",purple and white on sheet and label,,,,,,
2521638,2521638,CAS,174778,2008,"2 axillary buds, 1 basal leaf",,white flowers dark veins on sheet,purple steam and sepals,,,,,
2146635,2146635,CHSC,CHSC098874,2008,3 axiallary buds,"yes, cauline with basal morphology",yellow on label,,,,,,
469129,469129,SD,SD00062655,2008,"3 axillary bud, 1 terminal","yes, cauline w/ intermediate morphology",purple on sheet ,extra leaf tissue,,,,,9/21/25
1612297,1612297,UCR,UCR0083341,2008,"3 axiallary bud, 1 little leaf","yes, basal",purple on label and sheet,leaf tissue senescing ,,definitievely not a resprout,,,10/20/25
1895626,1895626,UCSB,UCSB041178,2009,buds w extra,"yes, cauline with basal morphology",white dark veins on sheet,,,,,,
469123,469123,SD,SD00062583,2009,"axillary bud, small leaf, floral bud clusters",no,"White, pink veins on sheet",extra tissue,,,,,
469128,469128,SD,SD00062656,2009,few axillary buds,"yes, cauline","bronze on sheet (purple tipe, yellow base), purple on label",,,,,,
2134739,2134739,CHSC,CHSC114899,2009,2 axillary bud,"yes, cauline with basal morphology",purple and white (label and sheet) ,extra leaf tissue,,,,,
2134739,2134739,CHSC,CHSC114899,2009,4 axiallary buds,"yes, cauline with basal morphology",purple and white (label and sheet) ,DOUBLE COLLECTED;glue on some of DNA tissue,,,,,
1635613,1635613,UCR,UCR0083332,2009,4 axiallary buds,"yes, cauline w/ intermediate morphology","white on label, pink veins bleeding on sheet to make the flowers light purple",extra leaf tissue,,no evidence of resprout,,,10/20/25
1623574,1623574,UCR,UCR0111502,2009,4 axiallary buds,"yes, cauline w/ intermediate morphology",white dark veins on sheet,,,no evidence of resprout,,,10/22/25
1336458,1336458,DAV,DAV310437,2009,"2 axiallary buds, 1 terminal bud cluster, 1 lil leaf","yes, cauline with basal morphology",beige on sheet,,,no evidence of resprout,,,10/22/25
1336457,1336457,DAV,DAV300678,2009,3 axiallary buds,"yes, cauline w/ intermediate morphology",beige dark veins on sheet,glue on leaf tissue,,no evidence of resprout,,,
393682,393682,SDSU,SDSU19512,2010,few axillary buds + some big buds,"yes, cauline with basal morphology","dark purple, drk veins on sheet",extra tissue,"big fruits, not very constricted maturity",,,,
3700296,3700296,SD,SD00030202,2010,several tiny axillary buds,"yes, basal","white dark veins on sheet (brown not putple veins I think, not red sepals like previous specimen with purple veins)",extra tissue (?),,,,,
469137,469137,SD,SD00062707,2010,"many buds, sml leaf","yes, basal",purple and white (label and sheet) ,lots of extra tissue,,,,,
407313,407313,SBBG,SBBG213845,2010,3 huge multibud clusters,"yes, basal",purple on sheet,extra leaf and DNA tissue,"maybe receny hyb or sativus, fat root, purple flowers",,,,10/12/25
147598,147598,SBBG,SBBG213846,2010,6 bud clusters,"yes, cauline w/ intermediate morphology",pale yellow on label,,,,,,10/12/25
1635523,1635523,UCR,UCR0083316,2010,3 axiallary buds,"yes, cauline w/ intermediate morphology",white dark veins on sheet,,,definitievely not a resprout,,,10/20/25
1630048,1630048,UCR,UCR0083330,2010,3 axiallary buds,"yes, basal",purple on label and sheet,,,definitievely not a resprout,,,10/20/25
1675351,1675351,UCR,UCR0083329,2010,2 terminal bud cluster,"yes, cauline with basal morphology",purple on label and sheet,,,no evidence of resprout,,,10/20/25
1675381,1675381,UCR,UCR0083328,2010,2 terminal bud cluster,"yes, cauline w/ intermediate morphology",purple on label and sheet,,,no evidence of resprout,,,10/20/25
1675373,1675373,UCR,UCR0083327,2010,4 axiallary buds,"yes, cauline with cauline morphology ",white on sheet,,,dry fruiting branches with mini resprouts,,,10/20/25
1676594,1676594,UCR,UCR0083326,2010,"3 apical bud clusters, 1 axillary bud","yes, cauline w/ intermediate morphology",white on sheet,extra DNA and leaf tissue,,dry fruiting branches with mini resprouts,,,10/20/25
1660296,1660296,UCR,UCR0083405,2010,2 axiallary bud,"yes, cauline with cauline morphology ",white on sheet and label,,,no evidence of resprout,,,10/20/25
1660287,1660287,UCR,UCR0083406,2010,4 axiallary buds,"yes, cauline w/ intermediate morphology",purple on label and sheet,,,no evidence of resprout,,,10/20/25
235906,235906,UCSC,UCSC100000697,2011,few bud clusters,no,purple drk veins on sheet,hairy,"labeled sativus, likely hybrid but no morpho confirmation bc not in fruit",,,,
236400,236400,UCSC,UCSC100000698,2011,2+ axillary bud clusters + extra buds,"yes, basal","white, to beige (young) on sheet, dark veins",very hairy,"labeled sativus, likely hybrid but no morpho confirmation bc not in fruit",,,,
469135,469135,SD,SD00062557,2011,5 axillary buds; 2 little leaves,"yes, cauline w/ intermediate morphology",white on sheet and label,,raphanistrum fruit morphology,,,,9/19/25
469151,469151,SD,SD00062705,2011,5 axillary buds,"yes, cauline w/ intermediate morphology","purple on sheet, white on label! (bleeding purple veins maybe)",,,,,,9/24/25
1695490,1695490,UCR,UCR0083350,2011,3 axiallary buds,"yes, cauline w/ intermediate morphology",purple on label and sheet,extra leaf tissue,,dry fruiting branches with mini resprouts,,,10/20/25
1652583,1652583,UCR,UCR0083380,2011,5 axillary buds,"yes, cauline with basal morphology",purple on sheet,extra leaf tissue from packet,,no evidence of resprout,,,10/22/25
236700,236700,UCSC,UCSC100000689,2012,"buds, and apicle cluster (extra big buds)","yes, basal morphology (unclear if cauline bc not attached to plant","white, but older flw pink, dark veins",hairy,"labeled raphanistrum, but for sure hybrid - long fruit beak (~1.5cm+, 1cm or less is typical for raphanistrum), not super constricted, maybe pink colorarion on flower (maybe age and bleeding from veins?)",,,,
394122,394122,SDSU,SDSU19952,2012,"buds, maybe an axillary bud","yes, basal",purple tip dark veins,,,,,,
394165,394165,SDSU,SDSU19995,2012,"buds, maybe an axillary bud","yes, basal",purple drk veins on sheet,"multiple individuals on sheet, sampled small plant with full roots on left side of sheet",very constricted around fruits,,,,
469173,469173,SD,SD00062724,2012,big bud clusters,"yes, basal morphology (unclear if cauline bc not attached to plant",,extra tissue,,,,,
469164,469164,SD,SD00062697,2012,2 apical bud clusters,"yes, cauline, intermediate morphology",purple and white (label and sheet) dark veins,,,,,,
469163,469163,SD,SD00062698,2012,bud clusters,"yes, cauline",purple and white (label and sheet) ,extra tissue,,,,,
469160,469160,SD,SD00062701,2012,2 apical bud clusters,"yes, unknown but appears to have basal morphology",pink and white (label and sheet),,no hairs on buds,,,,
469136,469136,SD,SD00062776,2012,several axiallary buds,"yes, basal",purple on sheet and label,extra tissue,,,,,
469140,469140,SD,SD00062774,2012,3 bud clusters,"yes, cauline",light purple on sheet and label,maybe some glue on DNA tissue,,,,,
469139,469139,SD,SD00062706,2012,few axillary and one floral bud cluster,"yes, cauline w/ intermediate morphology","white on label, pink veins bleeding on sheet to make the flowers light purple",,,,,,
2132998,2132998,CHSC,CHSC111394,2012,"3 axillary bud, 1 little leaf","yes, basal",purple on label and sheet,,,,,,
469174,469174,SD,SD00062723,2012,"3 apical bud clusters, 1 axillary bud","yes, cauline with cauline morphology ",purple and white (label and sheet) ,,,,,,9/9/25
469165,469165,SD,SD00062696,2012,4 axiallary buds,"yes, basal",white on sheet and label,,,,,,9/25/25
469138,469138,SD,SD00062775,2012,6 axillary buds,"yes, cauline w/ intermediate morphology",purple on label and sheet,extra leaf tissue,no hairs on buds,,,,10/6/25
469175,469175,SD,SD00062722,2012,4 axiallary buds,"yes, basal",purple on label and sheet,,,,,,10/6/25
1655769,1655769,UCR,UCR0083356,2012,5 axillary buds,"yes, cauline with cauline morphology ",purple on label and sheet,,,no evidence of resprout,,,10/20/25
1670844,1670844,UCR,UCR0083311,2012,4 axiallary buds,"yes, basal ",white on sheet with bleeding veins,,,"no evidence of resprout; ""in wet, roadside ditch""",,,10/20/25
1654238,1654238,UCR,UCR0083407,2012,6 axillary buds,"yes, cauline with cauline morphology ",purple on sheet,,,no evidence of resprout,,,10/20/25
1654228,1654228,UCR,UCR0083408,2012,"1 big axillary bud cluster, few other buds and lil leaf","yes, cauline w/ intermediate morphology",purple on sheet,,,no evidence of resprout,,,10/20/25
1667093,1667093,UCR,UCR0083355,2012,1 terminal bud clusters,no,no flowers,likely bad and v little dna tissue,,no evidence of resprout,,,10/22/25
1654256,1654256,UCR,UCR0083383,2012,3 axiallary buds,"yes, cauline w/ intermediate morphology",purple on sheet,,,no evidence of resprout,,,10/22/25
1655320,1655320,UCR,UCR0083384,2012,3 axiallary buds,"yes, basal",white with purple bleeding veins on sheet,,,definitievely not a resprout,,,10/22/25
1655697,1655697,UCR,UCR0083391,2012,3 axiallary buds,"yes, cauline w/ intermediate morphology",white dark veins on sheet,,,no evidence of resprout,,,10/22/25
1654175,1654175,UCR,UCR0083397,2012,"2 axillary bud, 2 terminal bud cluster","yes, basal ",white dark veins on sheet,,,definitievely not a resprout,,,10/22/25
1372819,1372819,DAV,DAV300679,2012,"2 axiallary bud2, 1 terminal bud cluster","yes, basal ",yellow light veins on sheet and label,,,definitievely not a resprout,,,
236311,236311,UCSC,UCSC100000688,2013,2+ axillary bud clusters + extra buds,"yes, basal","white, dark verins (bleeding pinkish in older",hairy,"labeled raphanistrum, and could be! Very constricted sml fruits, BUT no swollen root",,,,
2133518,2133518,CHSC,CHSC112304,2013,3 axiallary buds (?),"yes, basal",pale yelow on label,some glue on leaf tissue,,,,,
469147,469147,SD,SD00062650,2013,"2 axillary, 3 apical bud clusters","yes, basal",white on sheet ,extra DNA and leaf tissue,,,,,9/15/25
1673929,1673929,UCR,UCR0083431,2013,2 axiallary bud,"yes, cauline with cauline morphology ",purple on sheet,,,no evidence of resprout,,,10/20/25
1669580,1669580,UCR,UCR0083354,2013,4 axiallary buds,"yes, cauline w/ intermediate morphology",purple on label and sheet,leaf tissue on young leaf,,no evidence of resprout,,,10/22/25
1666111,1666111,UCR,UCR0083378,2013,4 axiallary buds,"yes, cauline with basal morphology",purple on sheet,,,no evidence of resprout,,,10/22/25
1667960,1667960,UCR,UCR0083377,2013,"4 axiallary buds, 1 lil leaf","yes, cauline with basal morphology",white dark veins on sheet,,,no evidence of resprout,,,10/22/25
1671045,1671045,UCR,UCR0083389,2013,"3 axillary bud, 1 terminal","yes, cauline with cauline morphology ",yellow on label,,,could be resprout,,,10/22/25
469152,469152,SD,SD00062702,2014,"1 axillary bud, 2 terminal bud cluster","yes, cauline w/ intermediate morphology",purple on label and sheet,extra leaf tissue,,,,,9/23/25
1671160,1671160,UCR,UCR0083398,2014,"1 large terminal bud cluster, 2 axially bud, lil leaves","yes, cauline with basal morphology",purple on sheet,extra DNA tissue,,no evidence of resprout,,,10/20/25
238791,238791,UCSC,UCSC100000690,2015,axillary bud clusters +,"yes, basal","White, light veins on sheet (maybe dark veins?)",hairy,"labeled sativus, likely hybrid but no morpho confirmation bc not in fruit",,,,
2763913,2763913,CAS,532999,2015,"2 axillary buds, 1 terminal bud cluster","yes, basal",purple on label,extra leaf tissue,,,,,
124275,124275,SBBG,SBBG213850,2015,"4 axiallary buds, few lil leaves","yes, basal",pale yellow on label,IN SD BAGS,,,,,10/12/25
95043,95043,SBBG,SBBG213848,2015,"2 axillary bud, 2 terminal bud cluster","yes, cauline with basal morphology",purple on sheet,,,,,,10/12/25
3591679,3591679,UCR,UCR0083304,2015,"2 axiallary bud2, 1 terminal bud cluster","yes, cauline",white on sheet and label,,,definitievely not a resprout,,,10/20/25
1399259,1399259,DAV,DAV310441,2015,"4 axillary, 1 big multibud terminal","yes, cauline with basal morphology",beige/yellowish with dark veins on sheet,extra leaf and DNA tissue from packet,,definitievely not a resprout,,,10/22/25
1399262,1399262,DAV,DAV310444,2015,1 terminal  multi-bud cluster,"yes, basal",beige/yellow on sheet,,,definitievely not a resprout,,,
216778,216778,OBI,OBI101740,2016,buds w extra,"yes, cauline, not basal morphology","purple and white, label and sheet",,,,,,
395628,395628,SDSU,SDSU21677,2016,few axillary buds + some big buds,"yes, basal",purple drk veins on sheet,extra tissue,,,,,
469176,469176,SD,SD00062725,2016,4 bud clusters,"yes, cauline",purple (label and sheet),extra tissue,,,,,
3349335,3349335,UCJEPS,JEPS127092,2016,3 bud clusters,"yes, basal",yellow on label,weird looking specimen,"raphanistrum morphology, small fruits, unlobed basal leaves ",,,,
5509705,5509705,UCJEPS,UC2082406,2016,5 bud clusters,"yes, basal (yellowing, wet)",light purple on sheet and label,"yellowing, wet basal leaves",,,,,
215180,215180,OBI,OBI101741,2017,"buds w extra, tiny lf","yes, basal",,,,,,,
3964300,3964300,UCSB,UCSB044460,2017,buds w extra,"yes, cauline, not basal morphology",herbivory,,,,,,
4064867,4064867,UCSB,UCSB050386,2017,buds w extra,"yes, basal (wet??)",tan with dark veins on sheet,,,,,,
3113067,3113067,SD,SD00023691,2017,3 axiallary buds,"yes, cauline",beige on sheet,,raphanistrum fruit morphology,,,,9/17/25
3620051,3620051,SD,SD00025459,2017,7 axillary buds,"yes, basal",purple on label and sheet,USE SMALL buds for extraction (some mold on some of DNA tissue) ; extra leaf tissue (from pouch),swollen root,,,,9/30/25
3700299,3700299,SD,SD00029907,2017,6 axillary buds,"yes, cauline w/ intermediate morphology",light purple on label and sheet,,,,,,10/6/25
1699178,1699178,UCR,UCR0083323,2017,5 axillary buds,"yes, cauline w/ intermediate morphology",purple on sheet,,,no evidence of resprout,,,10/20/25
2890234,2890234,SD,SD00021403,2018,"3 axillary bud, 1 little leaf","yes, basal",white on sheet and label,,,,,,9/18/25
3771777,3771777,SBBG,SBBG174263,2018,5 bud clusters,"yes, cauline with basal morphology",purple on label and sheet,IN SD BAGS,,,,,10/12/25
1702201,1702201,UCR,UCR0083315,2018,4 axiallary buds,"yes, cauline with basal morphology",white dark veins on sheet,,,definitievely not a resprout,,,10/20/25
3630484,3630484,OBI,OBI161552,2019,buds w extra,"yes, cauline with basal morphology",,,,,,,
3590276,3590276,UCSC,UCSC100003126,2019,2+ axillary bud clusters + extra buds,"yes, cauline with basal morphology","purple tips, dark veins (on sheet… label says yellow-white corolla… wrong I thinkk)",hairy,"labeled sativus, likely hybrid but no morpho confirmation bc not in fruit",,,,
3590166,3590166,UCSC,UCSC100003138,2019,multiple axillary bud clusters + a few buds,"yes, cauline with basal morphology","white, dark veins (on sheet and label)",hairy,"labeled sativus, likely hybrid but no morpho confirmation bc not in fruit",,,,
6014478,6014478,SD,SD00087803,2019,"2 little axiallary buds, one tiny leaf","yes, cauline",pink and white on sheet and label,,,,,,
3828689,3828689,CHSC,CHSC122361,2019,2 axillary bud,"yes, basal",beige on sheet,clue on smaller axillary bud,,,,,
2264695,2264695,SBBG,SBBG166103,2019,5 axillary buds; 1 little leaves,"yes, cauline with basal morphology",white on sheet ,IN SD BAGS,,,,,10/12/25
NA,NA,UCSC,UCSC100006703,2020,2+ axillary bud clusters ,"yes, cauline with basal morphology","purple tips, dark veins (on sheet and label)",,"labeled sativus, likely hybrid but no morpho confirmation bc not in fruit",,,,
NA,NA,UCSC,UCSC100006685,2020,multiple axillary bud clusters + extra sml leaves and buds,"yes, cauline with basal morphology","purple tips, dark veins (on sheet and label)",,"labeled sativus, likely hybrid but no morpho confirmation bc not in fruit",,,,
NA,NA,UCSC,UCSC100006704,2020,2 big axillary bud clusters + a bud ,"yes, cauline with basal morphology",white dark veins (on label and sheet),,"labeled sativus, likely hybrid but no morpho confirmation bc not in fruit",,,,
NA,NA,UCSC,UCSC100006681,2020,axillary buds +?,"yes, cauline with basal morphology","white, to beige (young) on sheet, dark veins",,"labeled sativus, likely hybrid but no morpho confirmation",,,,
4060635,4060635,SBBG,SBBG230712,2020,5 axillary buds,no,beige on sheet,,,,,,10/12/25
5549192,5549192,SDSU,SDSU25094,2021,2 big axillary bud clusters ,"yes, cauline, intermediate morphology",purple drk veins on sheet,extra tissue (?),,,,,
5752868,5752868,OBI,OBI183593,2022,buds w extra,"yes, cauline with basal morphology",,,,,,,
5934188,5934188,SD,SD00083704,2023,2 terminal bud clusters,"yes, basal morphology (unclear if cauline bc not attached to plant)",purple on sheet,estra tissue (just a few larger flower buds),,,,,
6053255,6053255,DAV,DAV245704,2024,2 terminal bud cluster,"yes, basal",yellow w dark pleeding pink veins on sheet and label,extra leaf tissue from packet,,no evidence of resprout,,,10/22/25
NA,NA,CAS,684512, ? (1996?),4 axillary buds,"yes, cauline with intermediate morphology",white purple veins on label,,,,,,
NA,NA,FSC,FSC0010482,?,3 bud clusters,"yes, cauline, intermediate morphology",purple drk veins on sheet,extra tissue,,,,,
3268949,3268949,UCJEPS,UC10778,1890-1891,2 terminal bud clusters,"yes, cauline, intermediate morphology",purple on sheet,glue on leaf tissue; on same page/CCH2 upload as 10779,,,,,
3792177,3792177,FSC,FSC0010462,1965?,several bud clusters,"yes, basal",yellow aging white (on label),,,,,,
2057748,2057748,CHSC,CHSC047386,1982(89?),3 axiallary buds,no,purple on label and sheet,,,,,,
NA,NA,CAS,74189,,"3 axillary buds, little leaf",no,white dark veins on sheet,,,,,,