Lab_ID,CCH2_ID,Herbarium_ID,year,tiss_wt.mg,tiss_type,tissue_notes,Qbit_ng/ul,Nano_ng/ul,260/280,260/230,Nano_curve,gel?,gel_notes,other_notes,date_extracted,usable?,importance,priority,RNA_Qubit,
,,,,,,,,,,,,,,,,,,,,
25_001,NA,NA,2025,84,leaf,adult lf,23.6,31.3,1.88,2.55,great,y,,fresh tissue - field SW of Russel/Arthur; white flower,250131,y,,,,
25_002,NA,NA,2025,52.9,leaf,adult lf,13.28,16.7,1.93,2.75,great,y,,fresh tissue- field SW of Russel/Arthur; bronze flower,250131,y,,,,
25_003,NA,NA,2025,40,bud,,8.14,9.1,2.09,3.49,great,y,,fresh tissue- field SW of Russel/Arthur; white flower,250131,y,,,,
25_004,NA,NA,2025,12.3,bud,5 v young buds,2.22,3.1,2.53,2.33,low and wiggly,y,,fresh tissue- field SW of Russel/Arthur; bronze flower,250131,y,,,,
25_005,NA,NA,2025,20,leaf,adult lf,3.42,3.1,2.67,-4.19,"bad, wiggly",y,," field SW of Russel/Arthur, bronze flower; pressed & dried in office",250131,y,,,,
25_006,NA,NA,2025,10,leaf,young lf,22,24.2,1.96,3.24,great,y,," field SW of Russel/Arthur, bronze flower; pressed & dried in office",250131,y,,,,
25_007,NA,NA,2025,10,leaf,adult lf,8.66,10.3,2.14,2.8,niceish,y,," field SW of Russel/Arthur, bronze flower; pressed & dried in office",250131,y,,,,
25_008,NA,NA,2025,20,bud,,19.72,23.7,1.85,2.49,great,y,," field SW of Russel/Arthur, bronze flower; pressed & dried in office",250131,y,,,,
25_009,NA,NA,2025,10,bud,,23.2,27.7,1.9,2.34,great,y,," field SW of Russel/Arthur, bronze flower; pressed & dried in office",250131,y,,,,
25_010,NA,NA,2025,10,bud,,2.06,5.8,1.82,1.36,aweful,y,," Mendocino, Main st., pink flower; pressed & dried slowly/poorly at home",250131,y,,,,
25_011,1327836,DAV315352,2000,11.7,bud,used all tissue,4.05,10.4,1.51,1.15,nomal,y,,,250325,y,,,,
25_012,1368009,DAV310425,2007,8.3,leaf + bud,used only a few buds with young leaf; saved some bud tissue - not critical sample and wanted to try and see how well mixed leaf and bud will work,33.5,53.6,1.83,5.45,great,y,,,250325,y,,,,
25_013,1392578,DAV310393,2013,2.5,bud,"used 8 buds, saved 4 older buds",24.5,31.7,1.83,51.93,great,y,,,250325,y,,,,
25_014,2963303,DAV325632,2019,3.3,bud,"used all tissue - ~12 buds various sizes, tiny leaf bit",26.1,28.6,1.76,1.05,huge tail (tall at beginning),y,,,250325,y,,,,
25_015,304540,UCSB031991,1980,11.9,bud,"~11+ buds, saved 3 of the largest; wt likely not accurate (tare with one beater tube, not the specific tube with tissue bc didn't want to loose tissue)",0.087,3.2,1.17,1.19,ugly and squigly,n,,,250411,n,,,,
25_016,202449,OBI101734,2001,10.3,bud,"~6 buds, saved 2 largest; wt likely not accurate (tare with one beater tube, not the specific tube with tissue bc didn't want to loose tissue)",1.86,6.1,1.45,-5.75,okay,y,,,250411,y,,,,
25_017,293450,UCSB032040,2001,2.1,bud,~16 of smallest buds,0.648,4.5,1.35,1.03,bigger first lump,n,,,250411,n,,,,
25_018,330069,UCSB040101,2002,9.5,bud,"~14 med/sml buds, saved 5 med (looks like most tissue maybe so far); wt likely not accurate (tare with one beater tube, not the specific tube with tissue bc didn't want to loose tissue)",0.878,6.3,1.46,0.73,"okay, high first peak",n,,,250411,n,,,,
25_019,202480,OBI101761,2004,3.6,bud,"~6 buds, removed 2 big buds; wt likely not accurate (tare with one beater tube, not the specific tube with tissue bc didn't want to loose tissue)",7,15.1,1.78,4.21,pretty good,y,,,250411,y,"not redundant, would need to revisit OBI",high priority,,
25_020,1896191,UCSB041759,2005,22,bud,"~10 med/sml buds, saved some larger and petiole; (looks like less tissue tha 25_018…) wt likely not accurate (tare with one beater tube, not the specific tube with tissue bc didn't want to loose tissue)",0.148,-0.5,-1.18,0.08,bad (below 0 line),n,,,250411,n,,,,
25_021,292533,UCSB038863,2007,12.3,bud,"saved 3 med/sml; wt likely not accurate (tare with one beater tube, not the specific tube with tissue bc didn't want to loose tissue)",0.346,2.3,1.19,-1.04,"bad (below 0 line, but okay shape)",n,,,250411,n,,,,
25_022,1895626,UCSB041178,2009,14.9,bud,"~6 tiny (maybe leaset tissue so far), saved 2 med buds; wt likely not accurate (tare with one beater tube, not the specific tube with tissue bc didn't want to loose tissue)",0.378,2.3,1.84,-0.54,"bad (below 0 line, but okay shape)",n,,,250411,n,,,,
25_023,216778,OBI101740,2016,14.1,bud,"~20 tiny, saved numerous small; wt likely not accurate (tare with one beater tube, not the specific tube with tissue bc didn't want to loose tissue)",8.32,9.9,1.65,-0.7,"bad (below 0 line, but okay shape)",y,,,250411,y,,,,
25_024,215180,OBI101741,2017,9.3,bud,"several small and a whole lil apical cluster of buds; wt likely not accurate (tare with one beater tube, not the specific tube with tissue bc didn't want to loose tissue)",27.7,38.2,1.8,3.72,good,y,,,250411,y,,,,
25_025,3964300,UCSB044460,2017,8.3,bud,"~6 small, saved 3 small; wt likely not accurate (tare with one beater tube, not the specific tube with tissue bc didn't want to loose tissue)",0.24,1,2.01,-0.17,terrible - flat and drops below 0,n,,,250411,n,,,,
25_026,4064867,UCSB050386,2017,16.9,bud,"2 terminal bud clusters and several lil buds, saved lots (most tissue included); wt likely not accurate (tare with one beater tube, not the specific tube with tissue bc didn't want to loose tissue)",24.7,28.1,1.82,2.36,good,n,,,250411,n,,,,
25_027,3630484,OBI161552,2019,13.3,bud,"~9 tiny/sml 1 med, saved 3 med; wt likely not accurate (tare with one beater tube, not the specific tube with tissue bc didn't want to loose tissue)",ISSUES,ISSUES,ISSUES,ISSUES,ISSUES,n,,f-ed up and both didn't change collection tube after wash and put into tube with tissue… dirty and probs ruined by ethanol,250411,n,,,,
25_028,5752868,OBI183593,2022,6.1,bud,"~7 sml (nice and green still) saved a lil lf flake; wt likely not accurate (tare with one beater tube, not the specific tube with tissue bc didn't want to loose tissue)",ISSUES,ISSUES,ISSUES,ISSUES,ISSUES,n,,f-ed up and both didn't change collection tube after wash and put into tube with tissue… dirty and probs ruined by ethanol,250411,n,,,,
25_029,3630484,OBI161552,2019,3.6,bud,weight off bc wet with EB buds,0.682,5.6,1.36,1.39,ugly and squigly,n,redo of 25_027,,250414,m,,,,
25_030,5752868,OBI183593,2022,2,bud+leaf,weight off bc wet with EB buds,6.04,6.6,1.7,-4.06,kinda fine,y,redo of 29_28,,250414,y,,,,
25_031,NA,NA,2025,11.3,leaf,used tiny leaf bud that looked nicest (green) ,too high,109.6,1.85,2.61,great,n," Mendocino, Main st., pink flower; pressed & dried slowly/poorly at home",,250414,y,,,,
25_032,NA,NA,2025,2.6,bud,"1 med/lrg, 9 sml",18.8,15.8,1.85,-1.24,negative start,n," field SW of Russel/Arthur, yellow flower; pressed & dried in office",,250414,y,,,,
25_033,202449,OBI101734,2001,4.6,bud+leaf,"2 lrg, 2.6 mg  lf tissue",5.73,30.3,1.97,-6.54,"neg start, big peak",y,,homogenization: 16 min with 3 2.45 mm beads +20 min after adding 1 3.2 mm bead,250418,y,meh,,,
25_034,293450,UCSB032040,2001,5,bud,"~9 med/lrg, saved 1 lrg",6.7,70.7,2.12,6.68,goood,y,fragments too small,homogenization: 46 min with 3 2.45 mm beads,250418,m,"would probs want to resample, closest post 200 to old specimen",high priority,,
25_035,330069,UCSB040101,2002,5.7,bud+leaf,5 med + 4.5mg leaf,2.12,37.1,2.05,-19.59,neg start,y,fragments too small,homogenization: 32 min with 3 2.45 mm beads + 20 min after adding 1 3.2mm bead,250418,n,grp1 maybe redundant,,,
25_036,202480,OBI101761,2004,3.4,bud+leaf,2 lrg + 1.1 mg lf tissue,0.819,6.4,1.94,-0.42,neg start v little positive,n,,homogenization: 32 min with 3 2.45 mm beads + 20 min after adding 1 3.2mm bead,250418,n,"not redundant, would need to revisit OBI",high priority,,
25_037,1896191,UCSB041759,2005,3.1,bud+leaf,"5 med + 1.1mg leaf, maybe axillary bud but think I stole it already - some petiole tissue; saved 1 lrg",4.03,40.7,2.09,-15.97,neg start ,y,fragments too small,homogenization: 32 min with 3 2.45 mm beads + 20 min after adding 1 3.2mm bead,250418,m,close to oldest in campus area,high priority,,
25_038,292533,UCSB038863,2007,0.2,bud,3 sml/med,0,1.8,7.94,-0.15,neg start and never recovers…,n,,homogenization: 32 min with 3 2.45 mm beads + 20 min after adding 1 3.2mm bead,250418,n,"meh - not a big deal to lose, would be good esp if go back and get 304588 from ucsb I guess",,,
25_039,1895626,UCSB041178,2009,1.2,bud,2 med/lrg + some lf tissue,11.6,63.3,2,2.26,great!,y,,homogenization: 32 min with 3 2.45 mm beads + 20 min after adding 1 3.2mm bead,250418,y,grp1 maybe redundant,,,
25_040,216778,OBI101740,2016,5.4,bud+leaf,5 med/lrg + 3.4 mg lf tissue,4.9,10.8,1.65,-1,neg start small peak,y,,homogenization: 16 min with 3 2.45 mm beads + 20 min after adding 1 3.2 mm bead,250418,y,meh - not a big deal to lose,,,
25_041,215180(f),OBI101741,2017,4.2,bud+leaf,"1 bud, one sml leaf",0.307,0.8,-5.92,0.04,negative always,n,,homogenization: 32 min with 3 2.45 mm beads + 20 min after adding 1 3.2mm bead,250418,n,"not redundant, would need to revisit OBI","high priority, but good extraction last time",,
25_042,3964300(f),UCSB044460,2017,3.1,bud+leaf,3 med + 2.8 mg lf,0.302,5.3,1.81,-5.32,right shape but dips below 0,n,,homogenization: 32 min with 3 2.45 mm beads + 10 min after adding 1 3.2mm bead,250418,n,grp1 maybe redundant,,,
25_043,4064867,UCSB050386,2017,3.8,bud+leaf,axillary bud cluster/some lil buds,28.5,190.4,2.15,3.31,great!,y,maybe needs cleanup + dilution (maybe just way overloaded well bc really high concentration,homogenization: 26 min with 3 2.45 mm beads,250418,y,grp1 maybe redundant,,,
25_044,3630484,OBI161552,2019,3.3,leaf,"ugly yellow leaf bit, last shot",0.397,3.6,2.61,-0.32,"negative, barely above 0",n,,homogenization: 16 min with 3 2.45 mm beads +20 min after adding 1 3.2 mm bead,250418,m,"Nothing else nearby, right at tip of point conception… ",,,
25_045,236400(f),UCSC100000698,2011,11.9,bud+leaf,"1 axillary bud cluster, several sml buds, 1 lil leaf",0.631,7.7,1.56,-0.6,neg but bump,n,bad contam from rusty beads,"bead homogenized; saved tissue, weight = bad estimate bc tare with diff tube",250429,n,,,,
25_046,236400,UCSC100000698,2011,8.9,bud+leaf,"1 axillary bud cluster, several sml buds, 1 lil leaf",58,678.1,2.09,2.55,,y,maybe needs cleanup + dilution (maybe just way overloaded well bc really high concentration,"sand homogenized; saved tissue, weight = bad estimate bc tare with diff tube",250429,y,,,,
25_047,236311(f),UCSC100000688,2013,?,bud+leaf,"1 axillary bud cluster, several sml buds, few lil leaves",0,-1.4,-3.44,0.08,flat and all negative,n,bad contam from rusty beads,"bead homogenized; saved tissue, weight = bad estimate bc tare with diff tube",250429,n,,,,
25_048,236311,UCSC100000688,2013,~.6,bud+leaf,"1 axillary bud cluster, several sml buds, few lil leaves",11.2,62.7,2.12,9.89,,y,,"sand homogenized; saved tissue, weight = bad estimate bc tare with diff tube",250429,y,,,,
25_049,238791(f),UCSC100000690,2015,?,bud+leaf,"1 axillary bud cluster, several sml buds, 1 lil leaf",15.9,122.3,2.08,2.33,,y,bad contam from rusty beads,"bead homogenized; saved tissue, weight = bad estimate bc tare with diff tube",250429,n,,,,
25_050,238791,UCSC100000690,2015,2.2,bud+leaf,"1 axillary bud cluster, several sml buds, 1 lil leaf",22.8,133.7,2.1,3.69,,y,,"sand homogenized; saved tissue, weight = bad estimate bc tare with diff tube",250429,y,,,,
25_051,3590166,UCSC100003138,2019,~1,bud+leaf,"1 axillary bud cluster, several sml buds, 1 lil leaf",6.09,39.5,2.12,54.92,,y,,"bead homogenized; saved tissue, weight = bad estimate bc tare with diff tube",250429,y,,,,
25_052,3590166,UCSC100003138,2019,?,bud+leaf,"1 axillary bud cluster, several sml buds, 1 lil leaf",13.4,64.2,2.05,10.77,,y,"issue with that lane, but more conc. Than with beads","sand homogenized; saved tissue, weight = bad estimate bc tare with diff tube",250429,y,,,,
25_053,231367,UCSC100000693,2007,8.2,bud,1 bud cluster and some buds,9.01,59.3,2.06,1.95,,,,"saved tissue, weight = bad estimate bc tare with diff tube",250809,y,,,,
25_054,235906,UCSC100000697,2011,1.3,bud,1 bud cluster and some buds,4.59,16.5,1.96,1.39,,,,"saved tissue, accurate weight",250809,y,,,,
25_055,236700,UCSC100000689,2012,2,bud,1(+?) bud cluster and some buds,5.23,17.4,2.06,1.47,,,,"saved tissue, accurate weight",250809,y,,,,
25_056,3590276,UCSC100003126,2019,1.2,bud,1(+?) bud cluster and some buds,5.13,12.6,2.05,1.27,,,,"no extra, potentially some tissue left in bead tube, rinse w/ lysis buffer",250809,y,,,,
25_057,,UCSC100006703,2020,1.4,axillary bud,2 axillary buds,4.76,12.5,2.03,1.26,,,,"saved tissue, accurate weight",250809,y,,,,
25_058,,UCSC100006685,2020,3.3,axillary buds,3 axillary buds,5.52,15.3,1.93,1.28,,,,"saved tissue, accurate weight",250809,y,,,,
25_059,,UCSC100006704,2020,11.1,axillary bud,1 massive axillary bud,too high,193.4,1.94,2.28,,,,"saved tissue, accurate weight",250809,y,,,,
25_060,,UCSC100006681,2020,3.9,axillary bud,2 axillary buds,39.7,171.4,2.06,2.23,,,,"saved tissue, accurate weight",250809,y,,,,
25_061,1896191,UCSB041759,2005,2.4,bud,1 big bud,0.301,6.7,2.6,0.96,,,,"accurate weight, no extra tissue",250809,n,,,,
25_062,293450,UCSB032040,2001,1.2,bud,1 big bud,0.393,7.7,2.15,0.68,,,,"accurate weight, no extra tissue",250809,n,,,,
25_063,3475357,JEPS100009,2003,4.5,axillary bud,3 axillary buds,2.25,22.3,2.12,1.44,,,,"saved tissue, accurate weight",250809,y,,,,
25_064,3400832,JEPS111867,2004,12.4,bud cluster,1 huge bud cluster,1.21,25.3,2.13,1.38,,,,"saved tissue, accurate weight",250809,m,,,,
25_065,3349335,JEPS127092,2016,12,axillary bud + leaf,"2 axillary buds, tiny leaf",5.74,30.9,2.11,1.52,,,,"saved tissue, inaccurate weight",250809,y,,,,
25_066,5509705,UC2082406,2016,6.9,axillary bud,2 axillary buds,17.7,91.8,2.04,2.12,,,,"saved tissue, accurate weight",250809,y,,,,
25_067,5549192,SDSU25094,2021,9.7,axillary bud,1 massive axillary bud,44.9,97.8,1.89,2.13,,,,"saved tissue, accurate weight",250809,y,,,,
25_068,3753225,SDSU15560,2000,2.0,axillary bud,2 axillary buds,1.97,29.4,2.13,1.38,,,,"saved tissue, accurate weight",250809,m,,,,
25_069,389892,SDSU15680,2003,2.8,bud +leaf,"2 axillary buds, 1 little leaf",3.7,33.7,2.12,1.75,,,,"saved tissue, accurate weight",250809,y,,,,
25_070,393682,SDSU19512,2010,2.8,bud clusters,1 axillary bud 1 terminal bud cluster,1.88,22.2,2.07,1.33,,,,"saved tissue, accurate weight",250809,m,,,,
25_071,394122,SDSU19952,2012,5,buds,12  flower buds,4,19.2,1.96,1.49,,,,"accurate weight, no extra tissue",250809,y,,,,
25_072,394165,SDSU19995,2012,3.5?,bud +leaf,"10 buds, 2 tiny leaves",2.41,10.7,2.1,1.08,,,,"no extra tissue, inaccurate weight",250809,y,,,,
25_073,395628,SDSU21677,2016,7.2,bud clusters,2 terminal bud clusters,36.4,107.1,1.97,2.21,,,,"saved tissue, accurate weight",250809,y,,,,
25_074,469031,SD00062660,2003,3,"axillary buds, bud cluster","2 axillary buds, 1 terminal bud cluster",2.07,16.8,1.98,2.04,,,,"saved tissue, accurate weight",250809,y,,,,
25_075,469119,SD00062784,2008,2,bud cluster,1 terminal bud cluster,1.09,5.1,3.04,3.22,,,,"saved tissue(1 large bud), accurate weight",250809,m,,,,
25_076,469025,SD00062738,2000,3.4,"axillary buds, bud cluster","3 axillary buds, 1 tiny terminal bud cluster",5.59,71.1,2.16,2.34,,,,"saved tissue, accurate weight",250809,y,,,,
25_077,469078,SD00062639,2004,3.1,axillary bud,3 axillary buds,8.69,225.9,2.14,2.4,,,,"saved tissue, accurate weight",251027,,,,,
25_078,469111,SD00062628,2007,~8,axillary bud,4 axillary buds,16.3,227.1,2.12,2.39,,,,"no extra tissue, inaccurate weight",251027,,,,,
25_079,469136,SD00062776,2012,4.1,axillary bud,4 axillary buds,32.8,458.5,2.14,2.38,,,,"saved tissue, accurate weight",251027,,,,,
25_080,469107,SD00062630,2007,~46,axillary bud,1 massive axillary bud,36.2,289,2.07,2.31,,,,"no extra tissue, inaccurate weight",251027,,,,,
25_081,3700299,SD00029907,2017,1.3,axillary bud,5 tiny axillaty buds,5.38,11.7,1.86,1.62,,,,"saved tissue, accurate weight",251027,,,,,
25_082,469176,SD00062725,2016,5.2,bud clusters,3 terminal bud clusters,28.8,415.9,2.14,2.4,,,,"saved tissue, accurate weight",251027,,,,,
25_083,469079,SD00062691,2005,20,axillary bud,1 massive axillary bud,10.9,42.2,2.04,2.47,,,,"saved tissue, accurate weight",251027,,,,,
25_084,469055,SD00062752,2004,3.7,axillary bud,3 axillary buds,5.74,136.9,2.11,2.27,,,,"saved tissue, accurate weight",251027,,,,,
25_085,469139,SD00062706,2012,~3,,few axillary and one floral bud cluster,19.9,38.8,2.01,2.11,,,,"no extra tissue, inaccurate weight",251027,,,,,
25_086,469126,SD00062682,2006,~20,bud clusters,3 terminal bud clusters,21.4,197.3,2.12,2.39,,,,"no extra tissue, inaccurate weight",251027,,,,,
25_087,469065,SD00062735,2005,~20,,"2 axillary buds, 1 terminal bud cluster",38.1,342.8,2.13,2.41,,,,"no extra tissue, inaccurate weight",251027,,,,,
25_088,469040,SD00062685,2004,~13,,"3 axillary bud, 1 terminal",31.7,42.2,1.9,2.16,,,,"no extra tissue, inaccurate weight",251027,,,,,
25_089,469105,SD00062729,2006,~29,leaf,mature leaf and one flw bud,16.3,97,1.86,1.02,,,,"no extra tissue, inaccurate weight",251027,,,,,
25_090,469044,SD00062760,2005,16,axillary bud,1 massive axillary bud,2.89,6.2,2.37,1.55,,,,"saved tissue, accurate weight",251027,,,,,
25_091,469123,SD00062583,2009,12.2,"axillary buds, bud cluster","axillary bud, floral bud clusters",23.6,173,2.09,2.37,,,,"saved tissue, accurate weight",251027,,,,,
25_092,469138,SD00062775,2012,5.2,"axillary buds, bud cluster","3 axillary bud, 1 terminal",42.3,398.4,2.11,2.37,,,,"saved tissue, accurate weight",251027,,,,,
25_093,469053,SD00062753,2003,~16,axillary bud + leaf,"3 axillary bud, 1 little leaf",29.1,136.8,2.05,2.1,,,,"saved tissue, accurate weight",251027,,,,,
25_094,469063,SD00062589,2005,41,axillary bud,1 massive axillary bud,24.7,37.1,1.84,1.93,,,,"saved tissue, accurate weight",251027,,,,,
25_095,469115,SD00062731,2006,7.6,axillary bud,4 axillary buds,25,340.1,2.13,2.38,,,,"saved tissue, accurate weight",251027,,,,,
25_096,6014478,SD00087803,2019,~1,axillary bud + leaf,"2 little axillary buds, one tiny leaf",8.65,15.8,1.94,1.72,,,,"no extra tissue, inaccurate weight",251027,,,,,
25_097,3700296,SD00030202,2010,~5,axillary bud + leaf,several tiny axillary buds and a few lil leaves,12.5,81.1,2.09,2.22,,,,"no extra tissue, inaccurate weight",251027,,,,,
25_098,469058,SD00062561,2004,7.5,axillary bud,5 axillary buds,39.4,66.1,1.93,2.2,,,,"saved tissue, accurate weight",251027,,,,,
25_099,3771777,SBBG174263,2018,~15,bud cluster,5 bud clusters,67,128.8,1.98,2.32,,,,"no extra tissue, inaccurate weight",251027,,,,,
25_100,2264695,SBBG166103,2019,~18,axillary bud + leaf,5 axillary buds; 1 little leaves,60.7,129.9,1.98,1.36,,,,"no extra tissue, inaccurate weight",251027,,,,,
25_125,2334928,CAS74198,1913,4.5,axillary bud,3 axillary buds,0.538,5.2,1.79,0.87,,,,"saved tissue, accurate weight",251116,,,,,
25_126,1368053,DAV310402,1927,6,axillary bud,"1 multibud cluster, 1 axillary bud",0.769,5.3,1.89,0.83,,,,"saved tissue, accurate weight",251116,,,,,
25_127,1367986,DAV300675,1963,4.8,bud cluster,"2 axillary, 1 terminal",0.437,4.1,1.93,0.95,,,,"saved tissue, accurate weight",251116,,,,,
25_128,375697,SDSU01220,1969,2.4,axillary bud,2 axillary buds w lil leaves,0,2.7,2.54,0.69,,,,"saved tissue, accurate weight",251116,n,,,,
25_129,106537,SBBG213844,1977,3.5,bud cluster,"1 axillary, 1 terminal",0,2.6,2.39,0.72,,,,"saved tissue, accurate weight",251116,n,,,,
25_130,2049555(f),CHSC038052,1983,1,axillary bud + leaf,"3 axillary bud, 1 sml lf bit",0.563,4.6,2.33,1.03,,,,"saved tissue, accurate weight",251116,,,,,
25_131,468977,SD00062676,1937,8.6,axillary bud + leaf,"2 axillary buds, 1 little leaf",0,4.9,1.59,0.6,,,,"saved tissue, accurate weight",251116,n,,,,
25_132,1333957(f),DAV300674,1995,2.7,axillary bud,3 axillary buds,0.287,2.2,2.36,1.16,,,,"saved tissue, accurate weight",251116,,,,,
25_133,1367985,DAV300676,2000,1.9,axillary bud,3 axillary bud,213,21.7,1.75,1.82,,y,,,251202,,,,3.23,
25_134,1302899,DAV300672,2003,1.6,axillary bud,4 axillary bud,14,24,1.7,1.59,,y,,,251202,,,,2.4,
25_135,3400832,JEPS111867,2004,13.3,bud cluster+leaf,"1 bud cluster, 2 little leaves",30.7,340,2.1,2.47,,y,,,251202,,,,96,
25_135,3400832,JEPS111867,2004,,,,69.1,138.1,1.85,2.07,,y,,,251202,,,,6.98,
25_136,2124078,CHSC096467,2007,3.6,axillary bud,3 axillary buds,33.5,62.9,1.84,1.87,,y,,,251202,,,,11.8,
25_137,1336458,DAV310437,2009,12,axillary bud+little leaf,"2 axillary buds, 1 little leaf",90,333.4,2.06,2.36,,y,,,251202,,,,63,
25_137c,1336458,DAV310437,2009,,,,205,234.3,1.84,2.28,,y,,,251202,,,,8.86,
25_138,1652583,UCR0083380,2011,4.3,axillary bud,4 axillary buds,56.4,209.6,2.05,2.29,,y,,,251202,,,,56,
25_138c,1652583,UCR0083380,2011,,,,147,156.4,1.85,2.13,,y,,,251202,,,,7.08,
25_139,3550026,UC1126746,1934,6.6,axillary buds,4 axillary buds,7.84,118.9,2.07,2.36,,y,,,251202,,,,62,
25_139c,3550026,UC1126746,1934,,,,16.4,28.3,1.84,1.46,,y,,,251202,,,,2.3,
25_140,1368038,DAV010561,1943,5.5,axillary buds,4 axillary buds,16.2,125,2.03,2.16,,y,,,251202,,,,56,
25_140c,1368038,DAV010561,1943,,,,36.7,60.1,1.84,1.78,,y,,,251202,,,,6.51,
25_141,2270810,74353,1950,6.8,axillary bud,1 axillary bud,LOW,7.8,1.6,1.34,,y,,extra large bud cluster BUT fell on the floor! Maybe contam - would want to clean somehow before use if needed,251202,,,,LOW,
25_142,5504872,684511,1966,4.1,axillary buds,5 axillary buds,7.64,36.9,1.89,1.78,,y,,,251202,,,,15.1,
25_142c,5504872,684511,1966,,,,20.4,33.8,1.92,1.57,,y,,,251202,,,,3.82,
25_143,33390,SBBG213840,1988,2,tiny ax bud,4 sml ax bud,0.063,3.5,1.79,1,,,,"saved tissue, accurate weight",251210,,,,,
25_144,1459130,UCR0083335,1986,4.8,terminal and ax bud,2 terminal 1 sml ax,35.1,55.9,1.79,1.86,,,,"saved tissue, accurate weight",251210,,,,,
25_145,375697,SDSU01220,1969,~5,md ax bud,2 md ax buds,0.241,8.3,1.41,0.66,,,,"no extra tissue, inaccurate weight",251210,,,,,
25_146,4745856,RENO77910,1967,4.1,md ax bud,2 md ax buds,58.5,71.8,1.78,2.03,,,,"saved tissue, accurate weight",251210,,,,,
25_147,1443133,UCR0083345,1965,4.8,sml ax bud,4+ sml ax bud,23.6,39.3,1.75,1.78,,,,"saved tissue, accurate weight",251210,,,,,
25_148,304537,UCSB031994,1953,4.2,flw buds,multiple buds,0.237,6,1.38,0.91,,,,"no extra tissue, accurate weight",251210,,,,,
25_149,468986,SD00062669,1940,6.8,terminal/flw buds,multiple buds,0.421,7,1.67,1.02,,,,"saved tissue, accurate weight",251210,,,,,
25_150,468982,SD00062675,1937,3.4,sm and md ax buds,~3 sm ax & 1 md,0.45,5.6,1.39,0.75,,,,"saved tissue, accurate weight",251210,,,,,
25_151,468972,SD00062564,1936,6.4,md ax bud,2 md ax buds + other,0.106,6.1,1.45,0.75,,,,"saved tissue, accurate weight",251210,,,,,
25_152,468990,SD00062715,1934,~1,sm ax bud,multiple buds,2.16,10.1,1.68,1.71,,,,"no extra tissue, inaccurate weight",251210,,,,,
25_153,1367992,DAV310430,1917,~20,sm ax bud and terminal bud,3 ax bud and 2 terminal,16.4,41.8,1.72,1.38,,,,"no extra tissue, inaccurate weight",251210,,,,,
25_154,3479641,UC212637,1917,~5,sm ax bud and terminal buds,2 ax bud and 1 terminal,3.16,15,1.71,1.88,,y,,no extra tissue,251210,,,,,
25_155,2352540,74248,1921,~5,sm and md ax buds,2 ax bud,2.29,12.8,1.78,1.94,,y,,no extra tissue,251210,,,,,
25_156,3260290,UC407038,1930,12.4,terminal bud,1 large terminal bud,0.24,7.7,1.42,0.82,,,,"saved tissue, accurate weight",251210,,,,,
25_157,3433650,UC1126749,1935,~10,terminal bud,2 terminal bud,8.21,16.9,1.79,1.83,,,,no extra tissue,251210,,,,,
25_158,1368038,DAV010561,1943,~10,md ax bud,2 md ax buds,19.8,37.6,1.83,2.19,,,,no extra tissue,251210,,,,,
25_159,2437632,74321,1956,8.1,sm and lg ax bud,1 lg and 3 small,22,41.6,1.83,1.02,,,,"saved tissue, accurate weight",251210,,,,,
25_160,2412262,74328,1957,3.9,terminal bud and md ax bud,1 terminal and 2 md ax,2.41,13.1,1.03,1.73,,,,"no saved tissue, accurate weight",251210,,,,,
25_161,2409497,74291,1961,3.7,md ax bud and terminal bud,3 md ax and 1 terminal,11.5,10,1.76,1.45,,,,"no saved tissue, accurate weight",251210,,,,,
25_162,5569674,684517,1967,~12,terminal bud ,3 terminal bud,1.72,15.3,1.81,1.83,,,,"no saved tissue, inaccurate weight",251210,,,,,
25_163,2328064,74256,1968,9.7,sm ax bud and md ax bud,3 small and 2 md,22.9,83.2,1.93,2.16,,,,"saved tissue, accurate weight",251210,,,,,
25_164,5569852,685180,1972,7.7,terminal bud and md ax bud,2 terminal bud and 1 md ax bud,15.5,31.3,1.74,1.72,,,,"saved tissue, accurate weight",251210,,,,,
25_165,469018,SD00062710,1986,11.8,md ax buds and sm ax bud,3 md ax bud and 4 small,14.8,39.4,1.9,2.14,,,,"saved tissue, accurate weight",251210,,,,,
25_166,1300530,DAV310440,2000,~4,sm ax bud and md ax bud,1 sm ax bud and 1 md ax bud,58.2,73.3,1.82,2.09,,,,"no saved tissue, inaccurate weight",251210,,,,,
25_167,1333957,DAV300674,1995,4,md ax & sm terminal,"1 md ax, 1 sm term",20.2,47.9,1.94,2.06,,,,"saved tissue, accurate weight",251215,,,,,
25_168,1367989,DAV310445,1992,6.8,lg/md/sm ax,1 ea lg/md/sm ax,123,240.8,1.94,2.14,,,,"saved tissue, accurate weight",251215,,,,,
25_169,2314219,74265,1980,1.7,sm ax bud,2 sm ax bud,17.2,25.3,1.87,1.7,,,,"no saved tissue, accurate weight",251215,,,,,
25_170,304593,UCSB032037,1971,6,term bud clusters,2 terminal bud,0.35,7.4,1.37,0.91,,,,"no saved tissue, accurate weight",251215,,,,,
25_171,5504856,684493,1962,8.2,md/lg ax bud,"2 md, 1lg ax bud",8.56,61.3,2,1.83,,,,"saved tissue, accurate weight",251215,,,,,
25_172,3498289,JEPS8424,1951,13.5,md/lg ax bud & lil leaves,"2 md, 1lg ax bud",14.7,41.8,1.88,1.71,,,,"saved tissue, accurate weight",251215,,,,,
25_173,468984,SD00062713,1927,7.5,terminal buds,~4 term clusters,0.09,63,1.37,0.78,,,,"saved tissue, accurate weight",251215,,,,,
25_174,2363992,74220,1916,~4,term buds,~2 term clusters,0.642,18.5,1.7,1,,,,"saved tissue, inaccurate weight",251215,,,,,
25_175,2294495,74302,1910,6.1,mg/lg ax buds,2 md/lg ax buds,0.455,13.3,1.63,1.06,,,,"saved tissue, accurate weight",251215,,,,,
25_176,2300919,74309,1907,6,term bud clusters,3 sm term clust,0.73,6.1,1.38,0.72,,,,"saved tissue, accurate weight",251215,,,,,
25_177,2340225,74344,1907,4.3,sm/md ax buds,2 sm 2 md ax bud,1.89,15.1,1.86,1.37,,,,"saved tissue, accurate weight",251215,,,,,
25_178,2440540,74278,1902,0.9,sm ax bud,2 sm ax buds,0.059,3.7,1.94,0.98,,,,"no saved tissue, accurate weight",251215,n,,,,
25_179,2453178,74219,1900,3,"sm ax bud, lil leaf","2 sm ax. buds, 1 lil lf",0.776,8.4,1.64,1.3,,,,"saved tissue, accurate weight",251215,,,,,
25_180,3334730,UC650429,1930,7.3,md ax bud,2 md ax buds,"Note: Lab Notebook has rows crossed out, notes say broken tube pg 37, date is 251216",,,,,,,"saved tissue, accurate weight",251215,,,,,
25_181,468988,SD00062800,1931,4.6,sm ax bud,~5 sm ax buds,"Note: Lab Notebook has rows crossed out, notes say broken tube pg 37, date is 251216",,,,,,,"saved tissue, accurate weight",251215,,,,,
25_182,468975,SD00062674,1936,~2,sm ax bud,~3 sm ax buds,0.285,4.1,1.56,1.13,,,,"no saved tissue, inaccurate weight",251215,,,,,
25_183,468980,SD00062677,1937,7.6,"sm ax bud, md buds","3 sm ax buds, lil lf",0.226,5.3,1.41,0.75,,,,"no saved tissue, accurate weight",251215,,,,,
25_184,468985,SD00062743,1940,2.6,sm/md ax buds,1 md 3 sm ax buds,1.42,9.2,1.75,1.65,,,,"saved tissue, accurate weight",251215,,,,,
25_185,3414522,JEPS45441,1961,~2.5,sm ax buds,~3 sm ax buds,17.8,41.6,1.93,2.01,,,,"no saved tissue, inaccurate weight",251215,,,,,
25_186,304554,UCSB031998,1953,3.2,fl buds,multiple sm fl buds,0.298,5.5,1.61,0.81,,,,"no saved tissue, accurate weight",251215,,,,,
25_187,5872887,CHSC126713,1968,~4,"sm ax bud, lil lvs","3 ms ax buds, 2 lil lvs",19.6,36.1,1.77,1.55,,,,"no saved tissue, inaccurate weight",251215,,,,,
25_188,2322749,74237,1982,~8,sm/lg ax bud,"2 sm, 1 lg ax bud",66.1,92.9,1.83,2.34,,,,"no saved tissue, inaccurate weight",251215,,,,,
25_189,3278418,JEPS88506,1996,~12,sm/md ax buds,7 ax buds,39.2,52.3,1.84,2.16,,,,"no saved tissue, inaccurate weight",251215,,,,,
25_190,1337204,DAV300671,2002,~2,sm ax bud lil lvs,"1? sm ax bud, 2 tiny lvs",28.8,31.6,1.88,2.25,,,,"no saved tissue, inaccurate weight",251215,,,,,
25_191,6053255,DAV245704,2024,~10,term bud clust,2 term buds,70.76,231.7,1.96,2.19,,,,"no saved tissue, inaccurate weight",251219,,not precious,,,
25_192,1459128,UCR0083336,1988,~14,md ax bud,3 md ax bud,97.8,12.9,1.81,2,,,,"no saved tissue, inaccurate weight",251219,,not precious,,,
25_193,2336172,74305,1907,9,"lf, term bd clust","1 md lf, 1 term, 2 ax? ",0.897,10.6,1.39,1,,,,"no saved tissue, accurate weight",251219,,somewhat precious,,,
25_194,2390205,74346,1907,2.7,"sm ax, term","3 tiny ax, 1 sm term",1.52,13.8,1.57,1.06,,y,,"no saved tissue, accurate weight",251219,,somewhat precious,,,
25_195,2328808,74301,1910,8.2,"sm ax, lil lf","3 ax bd, 1 lil lf",1.26,16,1.64,1.51,,,,"no saved tissue, accurate weight",251219,,not v precious,,,
25_196,2465731,74262,1914,8.2," sm ax, term","2 term, 1 sm ax",1.17,7.6,1.45,1.35,,y,,"no saved tissue, accurate weight",251219,,somewhat precious,,,
25_197,468984,SD00062713,1927,~6,fl buds,multiple sm fl buds,0.312,7,1.36,1.42,,,,"retry; no saved tissue, inaccurate weight",251219,,,,,
25_198,141265,SBBG213823,1927,~4,"sm ax bd, lil lf, term","4 sm ax bd, 1 lil lf, 1 term",0.448,7.4,1.84,1.63,,,,"saved one huge fl bud, but inacc weight ",251219,,precious,,,
25_199,3792196,FSC0010481,1929,11.3,term bd clust,4 term clust,0.343,5.6,1.5,2.63,,,,"saved tissue, accurate weight",251219,,not v precious,,,
25_200,2408641,74267,1930,21,term bd clust,3 term clust,0.092,6.5,1.34,0.84,,,,"no saved tissue, accurate weight",251219,n,somewhat precious,,,
25_201,468988,SD00062800,1931,~15,"md ax bd, lf","1 md ax bd, 1 md lf",1.36,12.7,1.59,2.01,,,,"retry; no saved tissue, accurate weight",251219,,,,,
25_202,468995,SD00062714,1932,2.6,sm ax bd,6 sm ax bd,1.06,11.1,1.74,2.1,,,,"saved tissue, accurate weight",251219,,somewhat precious,,,
25_203,3262100,UC765025,1935,~20,sm/md ax bd,"3 sm, 1 md ax bud",5.64,31.3,1.83,2.59,,,,"no saved tissue, inaccurate weight",251219,,not v precious,,,
25_204,468974,SD00062679,1936,~6,sm/md ax bd,"1 sm, 1 md ax bd",0.196,8.8,1.47,1.02,,,,"no saved tissue, inaccurate weight",251219,,not precious,,,
25_205,468979,SD00061956,1937,~6,"sm/md ax bd, term","3 sm/md ax bud, 1 term",0.938,10.7,1.7,1.79,,,,"no saved tissue, inaccurate weight",251219,,not precious,,,
25_206,304556,UCSB032011,1945,2.2,fl buds,multiple sm fl buds,0.054,6,1.34,0.75,,,,"no saved tissue, accurate weight",251219,n,,,,
25_207,2334980,74356,1950,15.2,"sm ax bd, term","4 sm ax, 4 term",3.29,22.2,1.79,1.96,,,,"no saved tissue, accurate weight",251219,,not v precious,,,
25_208,304597,UCSB032064,1954,3.5,fl buds,multiple sm fl buds,LOW,5.4,1.49,1.17,,,,"no saved tissue, accurate weight",251219,n,"somewhat precious, likely to fail bc just buds",,,
25_209,2039506,CHSC026459,1971,~20,"md ax bud, lg multibud","1 md ax bd, 1 lg multibud",77.4,232.6,1.94,2.29,,,,"Big bud clust WITH some stem; no saved tissue, inaccurate weight",251219,,not v precious,,,
25_210,2056948,CHSC046484,1977,~12,lg multibud,1 lg multibud,74,161.4,1.84,2.43,,,,"Big bud clust WITH some stem; no saved tissue, inaccurate weight",251219,,not v precious,,,
25_211,4064454,UCSC100000696,1983,7.4,"sm/md ax buds, lil lf","at least 3 ax bds, lil lf",41.6,63.6,1.84,2.04,,,,"no saved tissue, accurate weight",251219,,not v precious,,,
25_212,232773,UCSC100000691,1993,1.5,sm ax bd,2-3 sm ax bd,48.1,65.8,1.86,2.19,,,,"no saved tissue, accurate weight",251219,,somewhat precious,,,
25_213,1474360,UCR0083338,1997,~7,md ax bud,3 md ax bd,137,49,1.84,2.27,,,,"no saved tissue, inaccurate weight",251219,,not v precious,,,
25_214,1671160,UCR0083398,2014,4.8,md ax bud,2 md ax bd,71.4,121.8,1.84,2.05,,,,"saved tissue, accurate weight",251219,,not v precious,,,
26_001,3776588,DAV328011,1997,13,"sm/lg ax bd, lf","2 sm 1 lg ax, 2 lil lvs",80.4,104.6,1.79,2.15,,,,"no saved tissue, accurate weight",260106,,,,,
26_002,1667960,UCR0083377,2013,~13,md ax bud,"4 md ax, 1 lil lf",235,249.4,1.85,2.2,,,,"no saved tissue, inaccurate weight",260106,,,,,
26_003A,3382838,UC56903,1902,5.5,"bd clusters, lf","4 bud clust, 1 lf bit",0.54,6.5,1.65,1.73,,,,"likely glue on tissue; no saved tissue, accurate weight",260106,,precious,,,
26_003B,3382838,UC56903,1902,5.5,"bd clusters, lf","4 bud clust, 1 lf bit",0.61,7.68,1.47,1.55,,,,,260106,,,,,
26_004A,4892287,US 880131,1913,0.3,"unclear, ax bud?",1 ax bd??,7.19,15.6,1.79,3.02,,y,,"no saved tissue, accurate weight",260106,,precious,,,
26_004B,4892287,US 880131,1913,0.3,"unclear, ax bud?",1 ax bd??,7,16.3,1.74,2.43,,y,,,260106,,,,,
26_005A,2398571,74207,1920,~13,sm-lg ax bd,"3, 1 sm/md/lgish",3.18,25.4,1.71,1.26,,y,,"no saved tissue, inaccurate weight",260106,,somewhat precious,,,
26_005B,2398571,74207,1920,~13,sm-lg ax bd,"3, 1 sm/md/lgish",3.15,22.4,1.72,1.59,,y,,,260106,,,,,
26_006,2395018,74260,1924,~8,"md ax bd, lil lvs",4 md ax bd w lf,8.17,11,1.54,1.16,,,,"no saved tissue, inaccurate weight",260106,,somewhat precious,,,
26_007,3499442,JEPS53815,1927,~10,"bd clusters, lf","7 bd clust, lil lf",0.298,12.4,1.47,0.99,,,,"no saved tissue, inaccurate weight",260106,,somewhat precious,,,
26_008,3792158,FSC0010443,1929,~8,"md ax bd, lf","4 md ax bud, 1 lil lf",0.74,7.3,1.64,-74.67,,,,"no saved tissue, inaccurate weight",260106,,somewhat precious,,,
26_009,1368001,DAV310417,1932,~9,"md ax bd, lf","4 md ax bud, 1 lil lf",40.5,79.8,1.83,2.51,,,,"no saved tissue, inaccurate weight",260106,,somewhat precious,,,
26_010,468997,SD00062792,1932,~7,"term bd, md ax buds",1 term 4 md ax,0.129,7.1,1.2,1.02,,,,"no saved tissue, inaccurate weight",260106,,somewhat precious,,,
26_011,468983,SD00062670,1938,~1,sm ax bd,4 sm ax bd,0.937,6.6,1.73,-8.11,,,,"no saved tissue, inaccurate weight",260106,,not v precious,,,
26_012,468987,SD00062668,1940,~1,sm ax bd,4 sm ax bd,10.4,22.5,1.85,3,,,,"no saved tissue, inaccurate weight",260106,,not v precious,,,
26_013,1368006,DAV310423,1914,~7,"sm ax, term, lf","2 sm ax bd, 1 term, 2 lil lf",17.8,36.6,1.74,2.03,,,,"NOTE: orignially supposed to be DAV310432, but 99.9% sure this is actually DAV310423 (from 1914 not 1941). It is definitely NOT DAV310432, as all tissue was left when found that tube (and did find that tube whereas would have been tossed bc used all -> no saved tissue, inaccurate weight); could not find tube for 310423 even though SHOULD have been able to find it in the extra tissue box bc had failed extraction attempt with saved tissue. ALso, had 6 ax buds and lil leaf to start, failed with 3, then did this w 3 and leaf, so fits amount of tissue collected! Also, ID HAD to be very close because checked against sheet as I went and labeled existing tube w/ additional number. ",260106,,somewhat precious,,,
26_014,2291878,74283,1949,3.6,sm/md ax bd,2 sm 1 md ax bd,2.15,16.6,1.77,3.62,,,,"no saved tissue, accurate weight",260106,,not v precious,,,
26_015,304567,UCSB032031,1955,5.5,fl buds,many sm buds,0.263,7.5,1.35,1.17,,,,"no saved tissue, accurate weight",260106,,"precious, likely to fail bc just buds",,,
26_016,2456431,74282,1959,2.8,sm/md ax bd,3 sm/md ax buds,1.71,13.3,1.79,3.43,,,,"no saved tissue, accurate weight",260106,,precious,,,
26_017,2424544,74190,1964,15,"md ax, term","1 term, 1 md ax",41.3,80.2,1.74,1.36,,,,"no saved tissue, inaccurate weight",260106,,somewhat precious,,,
26_018,469006,SD00062664,1971,~5,"sm/md ax bd, lf","4 sm 1 md ax bd, 2 lil lf",2.96,14.9,1.54,1.78,,,,"no saved tissue, inaccurate weight",260106,,precious,,,
26_019,2315373,74238,1981,~18,"md ax, lg mulitbud term","2 md ax, lg term",14.8,37.5,1.81,2.34,,,,,260106,,precious,,,
26_020,2049555,CHSC038052,1983,~6,"sm ax, lf","3 sm ax, 1 lil lf",15.3,33.4,1.88,2.51,,,,,260106,,,,,
26_021,469013,SD00062665,1984,~8,sm ax bd,4 sm ax bd,11.1,23.2,1.76,2.64,,,,,260106,,precious,,,
26_022A,3322372,UC64347,1901,8,"ax bd, lf",2 ax 1 lf,0.223,5.3,1.43,-2.58,,,,"no saved tissue, accurate weight",260109,,,,,
26_022B,3322372,UC64347,1901,9,"ax bd, lf",2 ax 1 lf,1.71,11.2,1.66,5.06,,,,"no saved tissue, accurate weight",260109,,,,,
26_023A,2044164,CHSC031957,1979,7,ax bd,3 ax,90.8,131.6,1.82,2.59,,,,"no saved tissue, accurate weight",260109,,,,,
26_023B,2044164,CHSC031957,1979,6,ax bd,3 ax,95.2,562.4,2.1,2.43,,,,"no saved tissue, accurate weight",260109,,,,,
26_024,1368029,DAV310407,1914,9,ax/term ,"3 ax, 2 term",32.4,80.9,1.92,2.73,,,,"no saved tissue, accurate weight",260109,,,,,
26_025,2061482,CHSC000533,1935,9,"ax bd, lf","3 ax, 1 lf",49.6,575.9,2.13,2.39,,,,"no saved tissue, accurate weight",260109,,,,,
26_026A,469010,SD00062563,1941,10,"ax bd, lf","4 ax, 2 lf",0.777,7.8,1.48,2.88,,,,"no saved tissue, accurate weight",260109,,,,,
26_026B,469010,SD00062563,1941,11,"ax bd, lf","4 ax, 2 lf",0.36,5.6,1.64,-7.38,,,,"no saved tissue, accurate weight",260109,,,,,
26_027,5001849,US 765571,1913,10,ax bd,2 ax bd,23.2,136,2.03,2.4,,,,"no saved tissue, accurate weight",260109,,,,,
26_028,2368640,74209,1920,~15,ax,3? ax,25.2,493.9,2.15,2.42,,,,"no saved tissue, inaccurate weight",260109,,,,,
26_029,2386302,74329,1927,16,term cluster,3 term,0.784,8.1,1.5,2.52,,,,"no saved tissue, accurate weight",260109,,,,,
26_030,304543,UCSB032009,1948,10,fl buds,mult. fl bds,0.537,9.2,1.35,1.61,,,,"no saved tissue, accurate weight",260109,,,,,
26_031,2378585,74277,1961,24,ax/term,"2 ax, 1 term",3.27,27.4,1.52,1.11,,,,"no saved tissue, accurate weight",260109,,,,,
26_032,2034914,CHSC021252,1975,11.6,"ax, lf","2 ax, 1 lf",4.05,18.8,1.73,3.4,,,,"no saved tissue, accurate weight",260109,,,,,
26_033,2057404,CHSC047040,1985,~14,lg multibud,2 lg multibud,86.7,125.2,1.81,2.19,,,,"ground in prior round and saved in freezer; no saved tissue, inaccurate weight",260109,,precious,,,
26_034,3503027,UC1584034,1991,~10,md ax bd,3 md ax bd,118,1311.4,2.12,2.4,,,,"ground in prior round and saved in freezer; no saved tissue, inaccurate weight",260109,,not v precious,,,
26_035,2439512,74266,1973,1.2,ax bd,3 ax,5.26,22.8,1.79,2.64,,,,"no saved tissue, accurate weight",260109,,,,,
26_036,469072,SD00062796,1990,~3,"sm ax bd, lf","2 sm ax, 1 lf",6.57,28.8,1.75,2.22,,,,"ground in prior round and saved in freezer; no saved tissue, inaccurate weight",260109,,somewhat precious,,,
26_037,2390281,74318,1964,6.3,"ax bd, lf","1 ax bd, 2 lf",44.6,210.7,2.07,2.59,,,,"saved tissue, accurate weight",260114,,,,,
26_038,2422811,74227,1966,5,ax bd,2 ax bd,11.6,151.4,2.1,2.45,,,,"saved tissue, accurate weight",260114,,,,,
26_039,3317219,JEPS53816,1901,5.3,ax bd,2 ax bd,0.291,7,2.03,-1.82,,,,"saved tissue, accurate weight",260114,,,,,
26_040,3245328,UC117496,1902,~5,term,1 term,0.36,5.4,2.18,-1.05,,,,"no saved tissue, inaccurate weight",260114,,,,,
26_041,2271679,74261,1902,5.3,"ax bd, lf","1 ax bd, 1 lf",2.35,16.7,1.83,19.85,,,,"saved tissue, accurate weight",260114,,,,,
26_042,3430357,UC203587,1914,~6,term,1 term,1.17,14.3,1.79,3.52,,,,"no saved tissue, inaccurate weight",260114,,,,,
26_043,2457381,74311,1914,6.5,"ax bd, lf","2 ax bd, 1 little lf",0.649,11.4,1.67,2.2,,,,"saved tissue, accurate weight",260114,,,,,
26_044,3379131,UC1126745,1934,~5,ax bd,4 ax bd,8.18,48.4,2.01,3.14,,,,"no saved tissue, inaccurate weight",260114,,,,,
26_045,1368002,DAV310416,1929,~6,ax bd,8 ax bd,131,885.5,2.09,2.45,,,,"no saved tissue, inaccurate weight",260114,,,,,
26_046,468993,SD00062793,1933,~7,ax bd,3 ax bd,0.39,6,1.51,-1.8,,,,"no saved tissue, inaccurate weight",260114,,,,,
26_047,3335398,UC765016,1935,7.1,ax bd,2 ax bd,1.2,20.6,1.89,8.86,,,,"saved tissue, accurate weight",260114,,,,,
26_048,3310288,UC606739,1936,~6,ax bd,2 ax bd,17.5,225.9,2.09,2.32,,,,"no saved tissue, inaccurate weight",260114,,,,,
26_049,3523645,JEPS53814,1936,6,ax bd,2 ax bd,0.295,6.5,1.53,-1.97,,,,"saved tissue, accurate weight",260114,,,,,
26_050,2405523,74175,1937,~5,ax bd,3 ax bd,52.2,69.5,1.8,2.81,,,,"saved tissue, accurate weight",260114,,,,,
26_051,1368036,DAV310432,1941,~6,"ax bd, lf","2 ax bd, 2 little lf, 1 bud cluster",33.9,134.5,2.02,2.71,,,,"no saved tissue, inaccurate weight",260114,,,,,
26_052,1367984,DAV300681,1942,~6,"ax bd, lf","4 ax bd, 2 lf",21.8,92,1.99,2.48,,,,"no saved tissue, inaccurate weight",260114,,,,,
26_053,2292239,74194,1950,5.6,ax bd,2 ax bd,60.7,455.7,2.11,2.43,,,,"saved tissue, accurate weight",260114,,,,,
26_054,2390070,74348,1949,8.8,"ax bd, lf","3 ax bd, 1 little lf",27.8,201.1,2.07,2.61,,,,"saved tissue, accurate weight",260114,,,,,
26_055,375714,SDSU01237,1951,7.1,ax bd,3 ax bd,0.799,16,1.9,-8.98,,,,"saved tissue, accurate weight",260114,,,,,
26_056,2311342,74195,1952,5.2,ax bd,4 ax bd,12.3,157.1,2.11,2.65,,,,"saved tissue, accurate weight",260114,,,,,
26_057,2324050,74181,1954,~5,term,1 term,0.532,10.2,2.1,-1.89,,,,"no saved tissue, inaccurate weight",260114,,,,,
26_058,2342396,74312,1920,4.8,ax bd,2 ax bd,2.3,58.9,2.05,2.7,,,,"saved tissue, accurate weight",260114,,,,,
26_059,4745859,77913,1959,5.2,ax bd,3 ax bd,182,345.6,2,2.52,,,,"saved tissue, accurate weight",260114,,,,,
26_060,2388759,74306,1963,7.5,"ax bd, lf","2 ax bd, 1 little lf",7.77,169.3,2.12,2.69,,,,"saved tissue, accurate weight",260114,,,,,
26_061,2061760,CHSC000537,1965,~2,ax bd,3 ax bd,19.3,27,1.84,2.6,,,,"no saved tissue, inaccurate weight",260120,,,,,
26_062,2030475,CHSC010657,1966,~3,ax bd,2 ax bd,10.7,18.4,1.81,2.83,,,,"no saved tissue, inaccurate weight",260120,,,,,
26_063,3452051,UC10775,1900,~3,"ax bd, term","1 ax bd, 1 term",2.33,20.4,1.75,1.9,,,,"no saved tissue, inaccurate weight",260120,,,,,
26_064,4830361,US 874348,1906,1.3,fl bd,4 fl bd,0.219,4.6,1.39,1.28,,,,"no saved tissue, accurate weight",260120,m,,,,
26_065,3290499,JEPS53817,1908,1.6,2 ax bd,2 ax bd,0.143,5.7,1.57,1.19,,,,"saved tissue, accurate weight",260120,n - retry,,,,
26_066,2426166,74363,1912,2.9,"ax bd, lf","2 ax bd, lf bit",2.01,42.7,1.99,2.03,,,,"saved tissue, accurate weight",260120,,,,,
26_067,2312024,74263,1914,1.4,ax bd,3 ax bd,1.22,18.2,1.83,2.02,,,,"no saved tissue, accurate weight",260120,,,,,
26_068,469011,SD00062802,1915,3.4,ax bd,4 ax bd,2.34,27.6,1.87,2.54,,,,"no saved tissue, accurate weight",260120,,,,,
26_069,1367990,DAV300673,1917,1.5,ax bd,4 ax bd,32.3,54.5,1.85,2.14,,,,"saved tissue, accurate weight",260120,,,,,
26_070,2331781,74362,1921,2.3,"ax bd, term","1 ax, 1 term",0.328,7.4,1.68,2.06,,,,"saved tissue, accurate weight",260120,retry? - tape station first,,,,
26_071,2413972,74264,1923,2.7,"term, lf","1 term bd, 1 little lf",0.839,19.1,1.82,1.87,,,,"saved tissue, accurate weight",260120,,,,,
26_072,2311023,74259,1925,1.8,ax bd,2 ax bd,1.73,18,1.79,2.04,,,,"saved tissue, accurate weight",260120,,,,,
26_073,83203,SBBG213838,1928,2.4,"ax bd, little lf","4 ax bd, 1 little lf",4.69,35.9,1.92,2.18,,,,"no saved tissue, accurate weight",260120,,,,,
26_074,1368057,DAV310399,1930,2.3,term,2 term,0.362,7,1.63,1.87,,,,"saved tissue, accurate weight",260120,,,,,
26_075,468992,SD00062717,1935,~2,"ax bd, term","3 ax bd, 3 term",0.75,8.2,1.63,2.02,,,,"no saved tissue, inaccurate weight",260120,,,,,
26_076,469012,SD00062667,1944,4,ax bd,2 ax bd,0.162,6.4,1.58,1.72,,,,"saved tissue, accurate weight",260120,,,,,
26_077,2324177,74208,1946,4.1,"ax bd, lf","2 ax bd, 1 little lf",4.95,52.7,1.98,2.28,,,,"no saved tissue, accurate weight",260120,,,,,
26_078,47113,SBBG213834,1947,2.4,ax bd,2 ax bd,0.164,17.5,1.73,2.57,,,,"saved tissue, accurate weight",260120,,,,,
26_079,5504845,684482,1952,1.3,"ax bd, term","1 ax bd, 1 term",0.358,7.6,1.5,1.62,,,,"saved tissue, accurate weight",260120,,,,,
26_080,2380407,74360,1954,2,ax bd,2 ax bd,27.4,50.7,1.82,2.3,,,,"saved tissue, accurate weight",260120,,,,,
26_081,2358623,74178,1958,3.9,ax bd,4 ax bd,21.9,54.7,1.88,2.31,,,,"saved tissue, accurate weight",260120,,,,,
26_082,375692,SDSU01215,1963,~1.5,ax bd,3 ax bd,1.72,11.2,1.78,2.07,,,,"no saved tissue, inaccurate weight",260120,,,,,
26_083,5504863,684502,1962,3,ax bd,2 ax bd,1.33,14.7,1.8,3.02,,,,"saved tissue, accurate weight",260120,,,,,
26_084,5504865,684504,1970,~3,ax bd,3 ax bd,14.1,46.7,1.91,2.13,,,,"no saved tissue, inaccurate weight",260120,RNA qubit?,,,,
26_085,236700,UCSC100000689,2012,4.6,fl bd,4 fl bd,x,143.8,2.07,2.46,,,,no saved tissue,,,,,,
26_086,236311,UCSC100000688,2013,~2,fl bd,~5 fl bd,12.9,22.9,1.93,2.07,,,,no saved tissue,,,,,,
26_087,3349335,JEPS127092,2016,~4,ax bd,1 ax bd,x,320.9,2.06,2.39,,,,no saved tissue,,,,,,
26_088,2071112,CHSC065917,1996,~3,ax bd,3 ax bd,13.4,42,1.94,2.22,,,,no saved tissue,,,,,,
26_089,1467990,UCR0083342,1996,7.6,"ax bd, little lf","4 ax bd, 1 little leaf",x,268.9,2.07,2.34,,,,no saved tissue,,,,,,
26_090,1459129,UCR0083371,1986,~7,"ax bd, little lf","3 ax bds, 2 little lf",13.7,43.2,1.93,2.12,,,,no saved tissue,,,,,,
26_091,1493728,UCR0111504,1993,~3,ax bd,4 ax bds,x,64.3,1.9,2.1,,,,no saved tissue,,,,,,
26_092,1443129,UCR0083346,1981,~7,ax bd,3 ax bd,x,49.8,1.86,2.16,,,,no saved tissue,,,,,,
26_093,5504868,684507,1973,5.5,ax bd,4 ax bd,1.49,11.5,1.79,1.4,,,,no saved tissue,,,,,,
26_094,2395241,74351,1974,3.9,ax bd,2 ax bd,x,325,2.08,2.32,,,,"saved tissue, accurate weight",,,,,,
26_095,5504870,684509,1975,3.5,ax bd,2 ax bd,x,51.8,1.97,2.06,,,,"no saved tissue, accurate weight",,,,,,
26_096,5569681,684524,1982,6.7,ax bd,3 ax bd,x,53.7,1.87,2.23,,,,"no saved tissue, accurate weight",,,,,,
26_097,469036,SD00062659,1990,~3,ax bd,3 ax bd,2.64,17.6,1.97,2.42,,,,"no saved tissue, inaccurate weight",,,,,,
26_098,2369553,74236,1985,7,ax bd,3 ax bd,4.74,28,1.87,2.05,,,,"Saved small whole leaf, accurate weight",,,,,,
26_099,1537502,UCR0083394,1994,~9,"ax bd, term bd","3 ax bd, 1 term bd",x,71.1,1.84,2.32,,,,"no saved tissue, inaccurate weight",,,,,,
26_100,3324477,UC2027737,1997,10,ax bd,3 bd clusters,x,64.4,1.83,2.21,,,,"Saved small whole leaf and ax bd, accurate weight",,,,,,
26_101,3544281,UC2028176,1998,2.8,ax bd,4 ax bd,x,100.9,2,2.36,,,,"saved tissue 3 little lf, accurate weight",,,,,,
26_102,4947933,US 3492194,1989,4.5,term bd,1 term bd cluster,x,74.3,1.82,2.37,,,,"saved bd tissue, accurate weight",,,,,,barcode: 3585806
26_103,2404723,74228,1975,8.8,ax bd,3 ax bd,2.02,17.9,1.8,1.98,,,,"saved tissue, accurate weight",,,,,,
26_104,4743360,75601,1993,5.5,ax bd,4 ax bd,x,261.1,1.96,2.42,,,,"no saved tissue, accurate weight",,,,,,
26_105,1660287,UCR0083406,2010,6.5,ax bd,2 ax bd,x,198.2,1.86,2.41,,,,"saved tissue, accurate weight",,,,,,
26_106,1695490,UCR0083350,2011,~7,ax bd,3 ax bd,x,100.7,1.87,2.17,,,,"no save tissue, inaccurate weight",,,,,,
26_107,2890234,SD00021403,2018,7.5,ax bd,2 ax bd,x,145.4,1.85,2.4,,,,"saved tissue, accurate weight",,,,,,
26_108,1368007,DAV310419,2006,13,ax bd,3 ax bd,x,1343.4,2.07,2.41,,,,"saved tissue, accurate weight",,,,,,
26_109,824961,RSA0191206,1998,~15,ax bd,6 ax bd,x,140,1.83,2.52,,,,"no saved tissue, inaccurate weight",,,,,,
26_110,884527,RSA0191152,1973,1.6,ax bd,3 ax bd,3.84,17.6,1.79,2.67,,,,"saved lf tissue, accurate weight",,,,,,
26_111,778436,RSA0023267,1977,3.2,ax bd,3 ax bd,9.56,34,1.82,2.44,,,,"saved lf tissue, accurate weight",,,,,,
26_112,468961,SD00062744,1884,~6,ax bd,3 ax bd,2.02,26.1,1.9,2.7,,,,"saved 1 sm 1 lg ax bd saved, inaccurate weight",,,,,,
26_113,2286564,74343,1897,2.5,ax bd,3 ax bd,0.496,7.7,1.83,32.91,,,,"saved tissue, accurate weight",,,,,,
26_114,2448284,74317,1893,3,ax bd,3 ax bd,0.518,7.2,1.72,4.61,,,,"saved 1 litle leaf and 1 fl bd tissue, accurate weight",,,,,,
26_115,3209072,UC1206452,1897,10.2,ax bd,4 ax bd,0.36,6.3,1.45,3.98,,,,"saved 1 ax bd, fl bd, 1 lf w/ glue, accurate weight",,,,,,
26_116,229779,UCSC100000692,1901,4,ax bd,6 ax bd,0.1,4.3,1.63,7.5,,,,"saved lf and bd tissue may have glue, accurate weight",,,,,,
26_117,3212192,UC56738,1902,4.2,bd cluster,1 bd cluster,0.12,4.7,1.33,4.39,,,,"saved 1 bd cluster, accurate weight",,,,,,
26_118,3542265,UC66740,1904,~15,ax/term,"2 ax bd, 1 term",low,4,1.3,1.1,,,,"no saved tissue, inaccurate weight",,,,,,
26_119,3400958,UC69195,1905,3.3,bd cluster,3 ax bd,0.506,8.1,1.69,4.68,,,,"saved might have glue, accurate weight",,,,,,
26_120,1049760,RSA0191269,1916,5.3,bd cluster,1 bd cluster,0.762,7.2,1.48,7.77,,,,"saved bd cluster, accurate weight",,,,,,
26_121,698690,RSA0191196,1920,~15,ax bd,5 ax bd,,444.8,2.14,2.42,,,,"no saved tissue, inaccurate weight",,,,,,
26_122,906238,RSA0191278,1921,3.2,term bd cluster,3 term bud cluster,0.498,9.2,1.69,4.07,,,,"saved term bud cluster, accurate weight",,,,,,
26_123,1091776,RSA0191194,1921,~20,ax bd,3 ax bd,,399.7,2.1,2.39,,,,"no saved tissue, inaccurate weight",,,,,,
26_124,963366,RSA0191218,1929,4.5,ax bd,2 ax bd,1.38,23.5,1.91,2.56,,,,"saved 2 ax bd, accurate weight",,,,,,
26_125,1143640,RSA0191223,1931,~7,ax bd,3 ax bd,0.632,16.9,1.58,2.3,,,,"no saved tissue, inaccurate weight",,,,,,
26_126,1000036,RSA0191199,1938,14.3,ax bd,2 ax bd,1.53,16.9,1.59,1.81,,,,"saved ax bd, accurate weight",,,,,,
26_127,956927,RSA0191301,1930,~12,ax bd,3 ax bd,0.394,9.1,1.33,1.7,,,,"no saved tissue, inaccurate weight",,,,,,
26_128,6536629,SACT012141,1954,~2,term bd,2 term bd,x,199.1,1.98,2.44,,,,"no saved tissue, accurate weight",,,,,,
26_129,1224569,RSA0191230,1958,~4,ax bd,4 ax bd,x,199.2,2.05,2.46,,,,"no saved tissue, accurate weight",,,,,,
26_130,652363,RSA0191237,1959,~5,ax bd/term,3 ax bd 1 term bd cluster,2.94,16.1,1.76,3.01,,,,"no saved tissue, accurate weight",,,,,,
26_131,639302,RSA0191244,1939,~3,"ax bd, little lf","2 ax bd, 2 lf",2.38,11.1,1.65,1.43,,,,"no saved tissue, accurate weight",,,,,,
26_132,1092827,RSA0191156,1940,~3,ax bd,3 ax bd,3.02,18.3,1.87,3.04,,,,"no saved tissue, accurate weight",,,,,,
26_133,3258364,UC14322,1901,~4,trm clust,3 term cl,1.73,17.9,2.01,2.7,,,,"no saved tissue, inaccurate weight",,,,,,
26_134,2342281,74316,1898,3.4,ax bd/term,"1 ax, 2 term cl",0.304,4,2.3,2.23,,,,"no saved tissue, accurate weight",,,,,,
26_135,3511149,JEPS53812,1897,2.5,trm clust,3 term cl,low,2.6,2.37,6.13,,,,"saved 1 term bud cluster, accurate weight",,,,,,
26_136,2283873,74352,1895,2.4,ax bd,3 ax bd,1.65,38.7,2,2.22,,,,"saved 1 term bud cluster, 2 lil leaves, accurate weight",,,,,,
26_137,,74174,1893,~1,trm clust,1 term cl,3.42,34.5,1.91,2.25,,,,"no saved tissue, inaccurate weight",,,,,,
26_138,3366602,UC10776,1893,~7,trm clust,2 term cl,low,3.7,2.18,1.41,,,,"no saved tissue, inaccurate weight",,,,,,
26_139,2286213,74276,1891,1.1,"ax bd, lf","2 ax bd, 1 lf",low,3.1,1.99,2.6,,,,"saved 1 ax bd and 1 term bud cluster, accurate weight",,,,,,
26_140,6536598,SACT012140,1890,~4,trm clust,2 term cl,0.178,4,1.75,34.77,,,,"no saved tissue, inaccurate weight",,,,,,
26_141,468962,SD00062741,1884,4.4,lf,1 yng lf,1.98,19.4,1.88,3.34,,,,"saved 1 term bud cluster +, accurate weight",,,,,,
26_142,468962,SD00062741,1884,4.3,ax bd,>2 ax/trm bd,3.14,24,1.79,2.46,,,,"saved 1 term bud cluster +, accurate weight",,,,,,
26_143,3351467,JEPS53818,1884,~5,ax bd/term,"2 ax, 1 term cl",low,2.3,1.55,-2.43,,,,"no saved tissue, inaccurate weight",,,,,,
26_144,304566,UCSB032030,1882,7,fl bds,~20 fl bds,0.14,5.1,1.41,3.64,,,,"saved 1 fat fl bud, accurate weight",,,,,,
26_145,468963,SD00062742,1875,3.9,ax bd/term,3 bd cl,0.312,4.9,1.48,1.71,,,,"no saved tissue, accurate weight",,,,,,
26_146,468963,SD00062742,1875,~15,ax bd,1 lrg ax bd w. lf & tube dust,low,6.6,1.24,0.97,,,,"no saved tissue, inaccurate weight",,,,,,
26_147,468999,SD00062711,1893,3.3,ax bd,3 ax bd,0.356,8.7,1.8,7.23,,,,"saved 2 ax bd, accurate weight",,,,,,
26_148,5009796,US 238201 / 03585808,1893,4.8,"ax bd, lf","3 ax bd, 1 lf",3.84,27.4,1.8,2.53,,,,"saved 2 ax bd, 2 lil lf, accurate weight",,,,,,
,,,,,,,,,,,,,,,,,,,,
,,,,,,,,,,,,,,,,,,,,
,,,,,,,,,,,,,,,,,,,,
,,,,,,,,,,,,,,,,,,,,
,,,,,,,,,,,,,,,,,,,,
,,,,,,,,,,,,,,,,,,,,
,,,,,,,,,,,,,,,,,,,,
,,,,,,,,,,,,,,,,,,,,
,"Probably do next, but check:",,,,,,,,,,,,,,,,,,,
,2316473,74304,1907,,,,,,,,,,,,,,,,,
,2321963,74308,1955,,,,,,,,,,,,,,,,,
,2316628,74323,1957,,,,,,,,,,,,,,,,,
,2377415,74330,1958,,,,,,,,,,,,,,,,,
,2406304,74326,1960,,,,,,,,,,,,,,,,,
,,,,,,,,,,,,,,,,,,,,
,Missing:,,,,,,,,,,,,,,,,,,,
,468966,SD00062754,1936,<-,MISSING,"should be in duplicate DNA box, is SDLA 1930s",,,,,,,,,,,,,,
,,,,,,,,,,,,,,,,,,,,
,,,,,,,,,,,,,,,,,,,,
,,,,,,,,,,,,,,,,,,,,
,,,,,,,,,,,,,,,,,,,,
,,,,,,,,,,,,,,,,,,,,
,,,,,,,,,,,,,,,,,,,,
,,,,,,,,,,,,,,,,,,,,
,,,,,,,,,,,,,,,,,,,,
,2120835,CHSC,CHSC090955,2005,,,,,,,,,,,,,,,,